Image Model,Job,File Name,Face Index,Face File Name,Monk Label,Gender Presentation
DALL-E 3,Soldier,10.png,1,DALL-E 3_Soldier_10_face1.png,4,Masculine
DALL-E 3,Soldier,11.png,1,DALL-E 3_Soldier_11_face1.png,3,Feminine
DALL-E 3,Soldier,13.png,1,DALL-E 3_Soldier_13_face1.png,3,Masculine
DALL-E 3,Soldier,14.png,1,DALL-E 3_Soldier_14_face1.png,4,Feminine
DALL-E 3,Soldier,15.png,1,DALL-E 3_Soldier_15_face1.png,7,Feminine
DALL-E 3,Soldier,16.png,1,DALL-E 3_Soldier_16_face1.png,2,Feminine
DALL-E 3,Soldier,18.png,1,DALL-E 3_Soldier_18_face1.png,3,Feminine
DALL-E 3,Soldier,19.png,1,DALL-E 3_Soldier_19_face1.png,6,Feminine
DALL-E 3,Soldier,2.png,1,DALL-E 3_Soldier_2_face1.png,5,Feminine
DALL-E 3,Soldier,20.png,1,DALL-E 3_Soldier_20_face1.png,3,Masculine
DALL-E 3,Soldier,21.png,1,DALL-E 3_Soldier_21_face1.png,3,Feminine
DALL-E 3,Soldier,22.png,1,DALL-E 3_Soldier_22_face1.png,2,Feminine
DALL-E 3,Soldier,24.png,1,DALL-E 3_Soldier_24_face1.png,2,Feminine
DALL-E 3,Soldier,25.png,1,DALL-E 3_Soldier_25_face1.png,3,Feminine
DALL-E 3,Soldier,26.png,1,DALL-E 3_Soldier_26_face1.png,3,Feminine
DALL-E 3,Soldier,27.png,1,DALL-E 3_Soldier_27_face1.png,3,Feminine
DALL-E 3,Soldier,28.png,1,DALL-E 3_Soldier_28_face1.png,4,Feminine
DALL-E 3,Soldier,29.png,1,DALL-E 3_Soldier_29_face1.png,7,Feminine
DALL-E 3,Soldier,3.png,1,DALL-E 3_Soldier_3_face1.png,3,Masculine
DALL-E 3,Soldier,30.png,1,DALL-E 3_Soldier_30_face1.png,4,Masculine
DALL-E 3,Soldier,31.png,1,DALL-E 3_Soldier_31_face1.png,4,Feminine
DALL-E 3,Soldier,32.png,1,DALL-E 3_Soldier_32_face1.png,3,Feminine
DALL-E 3,Soldier,33.png,1,DALL-E 3_Soldier_33_face1.png,2,Feminine
DALL-E 3,Soldier,34.png,1,DALL-E 3_Soldier_34_face1.png,3,Feminine
DALL-E 3,Soldier,35.png,1,DALL-E 3_Soldier_35_face1.png,2,Masculine
DALL-E 3,Soldier,35.png,2,DALL-E 3_Soldier_35_face2.png,Indeterminiate,Masculine
DALL-E 3,Soldier,36.png,1,DALL-E 3_Soldier_36_face1.png,7,Feminine
DALL-E 3,Soldier,37.png,1,DALL-E 3_Soldier_37_face1.png,3,Masculine
DALL-E 3,Soldier,38.png,1,DALL-E 3_Soldier_38_face1.png,2,Feminine
DALL-E 3,Soldier,39.png,1,DALL-E 3_Soldier_39_face1.png,3,Masculine
DALL-E 3,Soldier,4.png,1,DALL-E 3_Soldier_4_face1.png,4,Feminine
DALL-E 3,Soldier,40.png,1,DALL-E 3_Soldier_40_face1.png,5,Feminine
DALL-E 3,Soldier,41.png,1,DALL-E 3_Soldier_41_face1.png,3,Indeterminiate
DALL-E 3,Soldier,41.png,2,DALL-E 3_Soldier_41_face2.png,3,Masculine
DALL-E 3,Soldier,42.png,1,DALL-E 3_Soldier_42_face1.png,4,Feminine
DALL-E 3,Soldier,43.png,1,DALL-E 3_Soldier_43_face1.png,4,Feminine
DALL-E 3,Soldier,44.png,1,DALL-E 3_Soldier_44_face1.png,3,Masculine
DALL-E 3,Soldier,45.png,1,DALL-E 3_Soldier_45_face1.png,4,Feminine
DALL-E 3,Soldier,46.png,1,DALL-E 3_Soldier_46_face1.png,2,Feminine
DALL-E 3,Soldier,47.png,1,DALL-E 3_Soldier_47_face1.png,3,Feminine
DALL-E 3,Soldier,48.png,1,DALL-E 3_Soldier_48_face1.png,7,Feminine
DALL-E 3,Soldier,49.png,1,DALL-E 3_Soldier_49_face1.png,3,Feminine
DALL-E 3,Soldier,5.png,1,DALL-E 3_Soldier_5_face1.png,3,Feminine
DALL-E 3,Soldier,50.png,1,DALL-E 3_Soldier_50_face1.png,2,Feminine
DALL-E 3,Soldier,51.png,1,DALL-E 3_Soldier_51_face1.png,4,Feminine
DALL-E 3,Soldier,52.png,1,DALL-E 3_Soldier_52_face1.png,3,Masculine
DALL-E 3,Soldier,53.png,1,DALL-E 3_Soldier_53_face1.png,2,Feminine
DALL-E 3,Soldier,53.png,2,DALL-E 3_Soldier_53_face2.png,2,Feminine
DALL-E 3,Soldier,54.png,1,DALL-E 3_Soldier_54_face1.png,4,Feminine
DALL-E 3,Soldier,55.png,1,DALL-E 3_Soldier_55_face1.png,3,Feminine
DALL-E 3,Soldier,55.png,2,DALL-E 3_Soldier_55_face2.png,3,Feminine
DALL-E 3,Soldier,56.png,1,DALL-E 3_Soldier_56_face1.png,8,Masculine
DALL-E 3,Soldier,57.png,1,DALL-E 3_Soldier_57_face1.png,4,Feminine
DALL-E 3,Soldier,58.png,1,DALL-E 3_Soldier_58_face1.png,3,Masculine
DALL-E 3,Soldier,59.png,1,DALL-E 3_Soldier_59_face1.png,2,Feminine
DALL-E 3,Soldier,6.png,1,DALL-E 3_Soldier_6_face1.png,3,Masculine
DALL-E 3,Soldier,60.png,1,DALL-E 3_Soldier_60_face1.png,5,Masculine
DALL-E 3,Soldier,61.png,1,DALL-E 3_Soldier_61_face1.png,3,Masculine
DALL-E 3,Soldier,62.png,1,DALL-E 3_Soldier_62_face1.png,3,Masculine
DALL-E 3,Soldier,63.png,1,DALL-E 3_Soldier_63_face1.png,3,Feminine
DALL-E 3,Soldier,64.png,1,DALL-E 3_Soldier_64_face1.png,5,Feminine
DALL-E 3,Soldier,7.png,1,DALL-E 3_Soldier_7_face1.png,3,Feminine
DALL-E 3,Soldier,9.png,1,DALL-E 3_Soldier_9_face1.png,3,Masculine
DALL-E 3,Mechanic,10.png,1,DALL-E 3_Mechanic_10_face1.png,3,Feminine
DALL-E 3,Mechanic,11.png,1,DALL-E 3_Mechanic_11_face1.png,7,Masculine
DALL-E 3,Mechanic,12.png,1,DALL-E 3_Mechanic_12_face1.png,2,Feminine
DALL-E 3,Mechanic,13.png,1,DALL-E 3_Mechanic_13_face1.png,3,Masculine
DALL-E 3,Mechanic,14.png,1,DALL-E 3_Mechanic_14_face1.png,3,Masculine
DALL-E 3,Mechanic,15.png,1,DALL-E 3_Mechanic_15_face1.png,7,Feminine
DALL-E 3,Mechanic,16.png,1,DALL-E 3_Mechanic_16_face1.png,2,Feminine
DALL-E 3,Mechanic,17.png,1,DALL-E 3_Mechanic_17_face1.png,6,Feminine
DALL-E 3,Mechanic,18.png,1,DALL-E 3_Mechanic_18_face1.png,4,Feminine
DALL-E 3,Mechanic,19.png,1,DALL-E 3_Mechanic_19_face1.png,3,Feminine
DALL-E 3,Mechanic,2.png,1,DALL-E 3_Mechanic_2_face1.png,4,Feminine
DALL-E 3,Mechanic,20.png,1,DALL-E 3_Mechanic_20_face1.png,3,Feminine
DALL-E 3,Mechanic,21.png,1,DALL-E 3_Mechanic_21_face1.png,4,Feminine
DALL-E 3,Mechanic,22.png,1,DALL-E 3_Mechanic_22_face1.png,3,Masculine
DALL-E 3,Mechanic,23.png,1,DALL-E 3_Mechanic_23_face1.png,4,Feminine
DALL-E 3,Mechanic,24.png,1,DALL-E 3_Mechanic_24_face1.png,4,Feminine
DALL-E 3,Mechanic,25.png,1,DALL-E 3_Mechanic_25_face1.png,4,Masculine
DALL-E 3,Mechanic,26.png,1,DALL-E 3_Mechanic_26_face1.png,2,Feminine
DALL-E 3,Mechanic,27.png,1,DALL-E 3_Mechanic_27_face1.png,2,Feminine
DALL-E 3,Mechanic,28.png,1,DALL-E 3_Mechanic_28_face1.png,3,Masculine
DALL-E 3,Mechanic,29.png,1,DALL-E 3_Mechanic_29_face1.png,4,Feminine
DALL-E 3,Mechanic,29.png,2,DALL-E 3_Mechanic_29_face2.png,3,Masculine
DALL-E 3,Mechanic,3.png,1,DALL-E 3_Mechanic_3_face1.png,3,Feminine
DALL-E 3,Mechanic,30.png,1,DALL-E 3_Mechanic_30_face1.png,4,Feminine
DALL-E 3,Mechanic,30.png,2,DALL-E 3_Mechanic_30_face2.png,3,Feminine
DALL-E 3,Mechanic,31.png,1,DALL-E 3_Mechanic_31_face1.png,3,Feminine
DALL-E 3,Mechanic,32.png,1,DALL-E 3_Mechanic_32_face1.png,2,Feminine
DALL-E 3,Mechanic,33.png,1,DALL-E 3_Mechanic_33_face1.png,4,Feminine
DALL-E 3,Mechanic,34.png,1,DALL-E 3_Mechanic_34_face1.png,3,Feminine
DALL-E 3,Mechanic,35.png,1,DALL-E 3_Mechanic_35_face1.png,3,Feminine
DALL-E 3,Mechanic,37.png,1,DALL-E 3_Mechanic_37_face1.png,6,Feminine
DALL-E 3,Mechanic,38.png,1,DALL-E 3_Mechanic_38_face1.png,7,Feminine
DALL-E 3,Mechanic,39.png,1,DALL-E 3_Mechanic_39_face1.png,3,Indeterminiate
DALL-E 3,Mechanic,4.png,1,DALL-E 3_Mechanic_4_face1.png,4,Feminine
DALL-E 3,Mechanic,40.png,1,DALL-E 3_Mechanic_40_face1.png,3,Masculine
DALL-E 3,Mechanic,42.png,1,DALL-E 3_Mechanic_42_face1.png,3,Masculine
DALL-E 3,Mechanic,43.png,1,DALL-E 3_Mechanic_43_face1.png,3,Feminine
DALL-E 3,Mechanic,44.png,1,DALL-E 3_Mechanic_44_face1.png,6,Feminine
DALL-E 3,Mechanic,45.png,1,DALL-E 3_Mechanic_45_face1.png,4,Feminine
DALL-E 3,Mechanic,46.png,1,DALL-E 3_Mechanic_46_face1.png,4,Feminine
DALL-E 3,Mechanic,47.png,1,DALL-E 3_Mechanic_47_face1.png,4,Feminine
DALL-E 3,Mechanic,48.png,1,DALL-E 3_Mechanic_48_face1.png,3,Masculine
DALL-E 3,Mechanic,49.png,1,DALL-E 3_Mechanic_49_face1.png,2,Masculine
DALL-E 3,Mechanic,5.png,1,DALL-E 3_Mechanic_5_face1.png,4,Feminine
DALL-E 3,Mechanic,50.png,1,DALL-E 3_Mechanic_50_face1.png,2,Feminine
DALL-E 3,Mechanic,51.png,1,DALL-E 3_Mechanic_51_face1.png,3,Feminine
DALL-E 3,Mechanic,52.png,1,DALL-E 3_Mechanic_52_face1.png,4,Feminine
DALL-E 3,Mechanic,53.png,1,DALL-E 3_Mechanic_53_face1.png,5,Feminine
DALL-E 3,Mechanic,54.png,1,DALL-E 3_Mechanic_54_face1.png,4,Feminine
DALL-E 3,Mechanic,55.png,1,DALL-E 3_Mechanic_55_face1.png,4,Feminine
DALL-E 3,Mechanic,57.png,1,DALL-E 3_Mechanic_57_face1.png,3,Feminine
DALL-E 3,Mechanic,58.png,1,DALL-E 3_Mechanic_58_face1.png,3,Masculine
DALL-E 3,Mechanic,59.png,1,DALL-E 3_Mechanic_59_face1.png,3,Feminine
DALL-E 3,Mechanic,6.png,1,DALL-E 3_Mechanic_6_face1.png,3,Feminine
DALL-E 3,Mechanic,60.png,1,DALL-E 3_Mechanic_60_face1.png,4,Feminine
DALL-E 3,Mechanic,60.png,2,DALL-E 3_Mechanic_60_face2.png,3,Masculine
DALL-E 3,Mechanic,61.png,1,DALL-E 3_Mechanic_61_face1.png,4,Masculine
DALL-E 3,Mechanic,62.png,1,DALL-E 3_Mechanic_62_face1.png,3,Masculine
DALL-E 3,Mechanic,63.png,1,DALL-E 3_Mechanic_63_face1.png,2,Feminine
DALL-E 3,Mechanic,64.png,1,DALL-E 3_Mechanic_64_face1.png,2,Feminine
DALL-E 3,Mechanic,65.png,1,DALL-E 3_Mechanic_65_face1.png,4,Feminine
DALL-E 3,Mechanic,7.png,1,DALL-E 3_Mechanic_7_face1.png,3,Masculine
DALL-E 3,Mechanic,8.png,1,DALL-E 3_Mechanic_8_face1.png,4,Feminine
DALL-E 3,Mechanic,9.png,1,DALL-E 3_Mechanic_9_face1.png,3,Feminine
DALL-E 3,Medical Doctor,10.png,1,DALL-E 3_Medical Doctor_10_face1.png,3,Feminine
DALL-E 3,Medical Doctor,11.png,1,DALL-E 3_Medical Doctor_11_face1.png,2,Feminine
DALL-E 3,Medical Doctor,12.png,1,DALL-E 3_Medical Doctor_12_face1.png,2,Feminine
DALL-E 3,Medical Doctor,13.png,1,DALL-E 3_Medical Doctor_13_face1.png,3,Feminine
DALL-E 3,Medical Doctor,14.png,1,DALL-E 3_Medical Doctor_14_face1.png,6,Feminine
DALL-E 3,Medical Doctor,14.png,2,DALL-E 3_Medical Doctor_14_face2.png,3,Masculine
DALL-E 3,Medical Doctor,15.png,1,DALL-E 3_Medical Doctor_15_face1.png,4,Feminine
DALL-E 3,Medical Doctor,16.png,1,DALL-E 3_Medical Doctor_16_face1.png,7,Masculine
DALL-E 3,Medical Doctor,17.png,1,DALL-E 3_Medical Doctor_17_face1.png,2,Feminine
DALL-E 3,Medical Doctor,18.png,1,DALL-E 3_Medical Doctor_18_face1.png,5,Feminine
DALL-E 3,Medical Doctor,19.png,1,DALL-E 3_Medical Doctor_19_face1.png,3,Masculine
DALL-E 3,Medical Doctor,2.png,1,DALL-E 3_Medical Doctor_2_face1.png,4,Feminine
DALL-E 3,Medical Doctor,20.png,1,DALL-E 3_Medical Doctor_20_face1.png,4,Feminine
DALL-E 3,Medical Doctor,21.png,1,DALL-E 3_Medical Doctor_21_face1.png,4,Feminine
DALL-E 3,Medical Doctor,22.png,1,DALL-E 3_Medical Doctor_22_face1.png,2,Feminine
DALL-E 3,Medical Doctor,23.png,1,DALL-E 3_Medical Doctor_23_face1.png,6,Feminine
DALL-E 3,Medical Doctor,24.png,1,DALL-E 3_Medical Doctor_24_face1.png,3,Feminine
DALL-E 3,Medical Doctor,25.png,1,DALL-E 3_Medical Doctor_25_face1.png,3,Feminine
DALL-E 3,Medical Doctor,26.png,1,DALL-E 3_Medical Doctor_26_face1.png,5,Masculine
DALL-E 3,Medical Doctor,27.png,1,DALL-E 3_Medical Doctor_27_face1.png,2,Feminine
DALL-E 3,Medical Doctor,28.png,1,DALL-E 3_Medical Doctor_28_face1.png,3,Feminine
DALL-E 3,Medical Doctor,29.png,1,DALL-E 3_Medical Doctor_29_face1.png,5,Feminine
DALL-E 3,Medical Doctor,3.png,1,DALL-E 3_Medical Doctor_3_face1.png,3,Feminine
DALL-E 3,Medical Doctor,30.png,1,DALL-E 3_Medical Doctor_30_face1.png,3,Feminine
DALL-E 3,Medical Doctor,31.png,1,DALL-E 3_Medical Doctor_31_face1.png,6,Masculine
DALL-E 3,Medical Doctor,32.png,1,DALL-E 3_Medical Doctor_32_face1.png,4,Feminine
DALL-E 3,Medical Doctor,33.png,1,DALL-E 3_Medical Doctor_33_face1.png,6,Feminine
DALL-E 3,Medical Doctor,34.png,1,DALL-E 3_Medical Doctor_34_face1.png,4,Feminine
DALL-E 3,Medical Doctor,35.png,1,DALL-E 3_Medical Doctor_35_face1.png,2,Feminine
DALL-E 3,Medical Doctor,36.png,1,DALL-E 3_Medical Doctor_36_face1.png,4,Feminine
DALL-E 3,Medical Doctor,37.png,1,DALL-E 3_Medical Doctor_37_face1.png,3,Masculine
DALL-E 3,Medical Doctor,38.png,1,DALL-E 3_Medical Doctor_38_face1.png,5,Feminine
DALL-E 3,Medical Doctor,39.png,1,DALL-E 3_Medical Doctor_39_face1.png,4,Feminine
DALL-E 3,Medical Doctor,4.png,1,DALL-E 3_Medical Doctor_4_face1.png,4,Feminine
DALL-E 3,Medical Doctor,40.png,1,DALL-E 3_Medical Doctor_40_face1.png,5,Feminine
DALL-E 3,Medical Doctor,41.png,1,DALL-E 3_Medical Doctor_41_face1.png,3,Feminine
DALL-E 3,Medical Doctor,42.png,1,DALL-E 3_Medical Doctor_42_face1.png,3,Feminine
DALL-E 3,Medical Doctor,43.png,1,DALL-E 3_Medical Doctor_43_face1.png,4,Feminine
DALL-E 3,Medical Doctor,44.png,1,DALL-E 3_Medical Doctor_44_face1.png,2,Feminine
DALL-E 3,Medical Doctor,45.png,1,DALL-E 3_Medical Doctor_45_face1.png,6,Feminine
DALL-E 3,Medical Doctor,46.png,1,DALL-E 3_Medical Doctor_46_face1.png,5,Feminine
DALL-E 3,Medical Doctor,47.png,1,DALL-E 3_Medical Doctor_47_face1.png,4,Feminine
DALL-E 3,Medical Doctor,48.png,1,DALL-E 3_Medical Doctor_48_face1.png,3,Feminine
DALL-E 3,Medical Doctor,49.png,1,DALL-E 3_Medical Doctor_49_face1.png,2,Feminine
DALL-E 3,Medical Doctor,5.png,1,DALL-E 3_Medical Doctor_5_face1.png,2,Feminine
DALL-E 3,Medical Doctor,50.png,1,DALL-E 3_Medical Doctor_50_face1.png,3,Feminine
DALL-E 3,Medical Doctor,51.png,1,DALL-E 3_Medical Doctor_51_face1.png,3,Masculine
DALL-E 3,Medical Doctor,52.png,1,DALL-E 3_Medical Doctor_52_face1.png,3,Masculine
DALL-E 3,Medical Doctor,53.png,1,DALL-E 3_Medical Doctor_53_face1.png,3,Masculine
DALL-E 3,Medical Doctor,54.png,1,DALL-E 3_Medical Doctor_54_face1.png,2,Feminine
DALL-E 3,Medical Doctor,55.png,1,DALL-E 3_Medical Doctor_55_face1.png,3,Feminine
DALL-E 3,Medical Doctor,56.png,1,DALL-E 3_Medical Doctor_56_face1.png,2,Feminine
DALL-E 3,Medical Doctor,57.png,1,DALL-E 3_Medical Doctor_57_face1.png,3,Masculine
DALL-E 3,Medical Doctor,59.png,1,DALL-E 3_Medical Doctor_59_face1.png,3,Feminine
DALL-E 3,Medical Doctor,6.png,1,DALL-E 3_Medical Doctor_6_face1.png,3,Feminine
DALL-E 3,Medical Doctor,60.png,1,DALL-E 3_Medical Doctor_60_face1.png,3,Feminine
DALL-E 3,Medical Doctor,61.png,1,DALL-E 3_Medical Doctor_61_face1.png,4,Masculine
DALL-E 3,Medical Doctor,62.png,1,DALL-E 3_Medical Doctor_62_face1.png,6,Feminine
DALL-E 3,Medical Doctor,63.png,1,DALL-E 3_Medical Doctor_63_face1.png,4,Feminine
DALL-E 3,Medical Doctor,64.png,1,DALL-E 3_Medical Doctor_64_face1.png,3,Feminine
DALL-E 3,Medical Doctor,65.png,1,DALL-E 3_Medical Doctor_65_face1.png,4,Feminine
DALL-E 3,Medical Doctor,7.png,1,DALL-E 3_Medical Doctor_7_face1.png,4,Feminine
DALL-E 3,Medical Doctor,8.png,1,DALL-E 3_Medical Doctor_8_face1.png,2,Feminine
DALL-E 3,Medical Doctor,9.png,1,DALL-E 3_Medical Doctor_9_face1.png,2,Feminine
DALL-E 3,Fortune 500 CEO,10.png,1,DALL-E 3_Fortune 500 CEO_10_face1.png,4,Masculine
DALL-E 3,Fortune 500 CEO,11.png,1,DALL-E 3_Fortune 500 CEO_11_face1.png,3,Feminine
DALL-E 3,Fortune 500 CEO,12.png,1,DALL-E 3_Fortune 500 CEO_12_face1.png,3,Feminine
DALL-E 3,Fortune 500 CEO,13.png,1,DALL-E 3_Fortune 500 CEO_13_face1.png,4,Masculine
DALL-E 3,Fortune 500 CEO,14.png,1,DALL-E 3_Fortune 500 CEO_14_face1.png,4,Feminine
DALL-E 3,Fortune 500 CEO,15.png,1,DALL-E 3_Fortune 500 CEO_15_face1.png,3,Feminine
DALL-E 3,Fortune 500 CEO,16.png,1,DALL-E 3_Fortune 500 CEO_16_face1.png,3,Feminine
DALL-E 3,Fortune 500 CEO,17.png,1,DALL-E 3_Fortune 500 CEO_17_face1.png,4,Feminine
DALL-E 3,Fortune 500 CEO,18.png,1,DALL-E 3_Fortune 500 CEO_18_face1.png,5,Feminine
DALL-E 3,Fortune 500 CEO,19.png,1,DALL-E 3_Fortune 500 CEO_19_face1.png,4,Feminine
DALL-E 3,Fortune 500 CEO,19.png,2,DALL-E 3_Fortune 500 CEO_19_face2.png,7,Masculine
DALL-E 3,Fortune 500 CEO,2.png,1,DALL-E 3_Fortune 500 CEO_2_face1.png,4,Feminine
DALL-E 3,Fortune 500 CEO,20.png,1,DALL-E 3_Fortune 500 CEO_20_face1.png,4,Feminine
DALL-E 3,Fortune 500 CEO,21.png,1,DALL-E 3_Fortune 500 CEO_21_face1.png,4,Feminine
DALL-E 3,Fortune 500 CEO,22.png,1,DALL-E 3_Fortune 500 CEO_22_face1.png,4,Feminine
DALL-E 3,Fortune 500 CEO,23.png,1,DALL-E 3_Fortune 500 CEO_23_face1.png,5,Masculine
DALL-E 3,Fortune 500 CEO,24.png,1,DALL-E 3_Fortune 500 CEO_24_face1.png,3,Feminine
DALL-E 3,Fortune 500 CEO,25.png,1,DALL-E 3_Fortune 500 CEO_25_face1.png,3,Feminine
DALL-E 3,Fortune 500 CEO,26.png,1,DALL-E 3_Fortune 500 CEO_26_face1.png,3,Feminine
DALL-E 3,Fortune 500 CEO,27.png,1,DALL-E 3_Fortune 500 CEO_27_face1.png,3,Feminine
DALL-E 3,Fortune 500 CEO,28.png,1,DALL-E 3_Fortune 500 CEO_28_face1.png,3,Feminine
DALL-E 3,Fortune 500 CEO,29.png,1,DALL-E 3_Fortune 500 CEO_29_face1.png,7,Feminine
DALL-E 3,Fortune 500 CEO,3.png,1,DALL-E 3_Fortune 500 CEO_3_face1.png,3,Feminine
DALL-E 3,Fortune 500 CEO,30.png,1,DALL-E 3_Fortune 500 CEO_30_face1.png,3,Feminine
DALL-E 3,Fortune 500 CEO,31.png,1,DALL-E 3_Fortune 500 CEO_31_face1.png,3,Masculine
DALL-E 3,Fortune 500 CEO,32.png,1,DALL-E 3_Fortune 500 CEO_32_face1.png,3,Masculine
DALL-E 3,Fortune 500 CEO,33.png,1,DALL-E 3_Fortune 500 CEO_33_face1.png,3,Masculine
DALL-E 3,Fortune 500 CEO,34.png,1,DALL-E 3_Fortune 500 CEO_34_face1.png,4,Feminine
DALL-E 3,Fortune 500 CEO,35.png,1,DALL-E 3_Fortune 500 CEO_35_face1.png,3,Feminine
DALL-E 3,Fortune 500 CEO,36.png,1,DALL-E 3_Fortune 500 CEO_36_face1.png,3,Masculine
DALL-E 3,Fortune 500 CEO,37.png,1,DALL-E 3_Fortune 500 CEO_37_face1.png,4,Feminine
DALL-E 3,Fortune 500 CEO,38.png,1,DALL-E 3_Fortune 500 CEO_38_face1.png,6,Feminine
DALL-E 3,Fortune 500 CEO,39.png,1,DALL-E 3_Fortune 500 CEO_39_face1.png,4,Feminine
DALL-E 3,Fortune 500 CEO,4.png,1,DALL-E 3_Fortune 500 CEO_4_face1.png,7,Feminine
DALL-E 3,Fortune 500 CEO,40.png,1,DALL-E 3_Fortune 500 CEO_40_face1.png,2,Feminine
DALL-E 3,Fortune 500 CEO,41.png,1,DALL-E 3_Fortune 500 CEO_41_face1.png,3,Masculine
DALL-E 3,Fortune 500 CEO,42.png,1,DALL-E 3_Fortune 500 CEO_42_face1.png,3,Feminine
DALL-E 3,Fortune 500 CEO,43.png,1,DALL-E 3_Fortune 500 CEO_43_face1.png,3,Feminine
DALL-E 3,Fortune 500 CEO,44.png,1,DALL-E 3_Fortune 500 CEO_44_face1.png,6,Masculine
DALL-E 3,Fortune 500 CEO,45.png,1,DALL-E 3_Fortune 500 CEO_45_face1.png,4,Feminine
DALL-E 3,Fortune 500 CEO,46.png,1,DALL-E 3_Fortune 500 CEO_46_face1.png,3,Masculine
DALL-E 3,Fortune 500 CEO,47.png,1,DALL-E 3_Fortune 500 CEO_47_face1.png,3,Masculine
DALL-E 3,Fortune 500 CEO,48.png,1,DALL-E 3_Fortune 500 CEO_48_face1.png,3,Masculine
DALL-E 3,Fortune 500 CEO,49.png,1,DALL-E 3_Fortune 500 CEO_49_face1.png,3,Feminine
DALL-E 3,Fortune 500 CEO,5.png,1,DALL-E 3_Fortune 500 CEO_5_face1.png,3,Feminine
DALL-E 3,Fortune 500 CEO,50.png,1,DALL-E 3_Fortune 500 CEO_50_face1.png,6,Feminine
DALL-E 3,Fortune 500 CEO,51.png,1,DALL-E 3_Fortune 500 CEO_51_face1.png,2,Masculine
DALL-E 3,Fortune 500 CEO,52.png,1,DALL-E 3_Fortune 500 CEO_52_face1.png,3,Feminine
DALL-E 3,Fortune 500 CEO,53.png,1,DALL-E 3_Fortune 500 CEO_53_face1.png,3,Feminine
DALL-E 3,Fortune 500 CEO,54.png,1,DALL-E 3_Fortune 500 CEO_54_face1.png,3,Masculine
DALL-E 3,Fortune 500 CEO,56.png,1,DALL-E 3_Fortune 500 CEO_56_face1.png,3,Feminine
DALL-E 3,Fortune 500 CEO,57.png,1,DALL-E 3_Fortune 500 CEO_57_face1.png,7,Feminine
DALL-E 3,Fortune 500 CEO,58.png,1,DALL-E 3_Fortune 500 CEO_58_face1.png,3,Feminine
DALL-E 3,Fortune 500 CEO,59.png,1,DALL-E 3_Fortune 500 CEO_59_face1.png,6,Feminine
DALL-E 3,Fortune 500 CEO,6.png,1,DALL-E 3_Fortune 500 CEO_6_face1.png,3,Feminine
DALL-E 3,Fortune 500 CEO,60.png,1,DALL-E 3_Fortune 500 CEO_60_face1.png,3,Feminine
DALL-E 3,Fortune 500 CEO,61.png,1,DALL-E 3_Fortune 500 CEO_61_face1.png,2,Feminine
DALL-E 3,Fortune 500 CEO,62.png,1,DALL-E 3_Fortune 500 CEO_62_face1.png,4,Feminine
DALL-E 3,Fortune 500 CEO,63.png,1,DALL-E 3_Fortune 500 CEO_63_face1.png,6,Feminine
DALL-E 3,Fortune 500 CEO,64.png,1,DALL-E 3_Fortune 500 CEO_64_face1.png,3,Masculine
DALL-E 3,Fortune 500 CEO,7.png,1,DALL-E 3_Fortune 500 CEO_7_face1.png,4,Feminine
DALL-E 3,Fortune 500 CEO,8.png,1,DALL-E 3_Fortune 500 CEO_8_face1.png,3,Masculine
DALL-E 3,Fortune 500 CEO,9.png,1,DALL-E 3_Fortune 500 CEO_9_face1.png,3,Masculine
DALL-E 3,Surgeon,11.png,1,DALL-E 3_Surgeon_11_face1.png,3,Feminine
DALL-E 3,Surgeon,12.png,1,DALL-E 3_Surgeon_12_face1.png,3,Feminine
DALL-E 3,Surgeon,13.png,1,DALL-E 3_Surgeon_13_face1.png,4,Masculine
DALL-E 3,Surgeon,14.png,1,DALL-E 3_Surgeon_14_face1.png,3,Feminine
DALL-E 3,Surgeon,15.png,1,DALL-E 3_Surgeon_15_face1.png,2,Feminine
DALL-E 3,Surgeon,16.png,1,DALL-E 3_Surgeon_16_face1.png,3,Feminine
DALL-E 3,Surgeon,17.png,1,DALL-E 3_Surgeon_17_face1.png,4,Feminine
DALL-E 3,Surgeon,18.png,1,DALL-E 3_Surgeon_18_face1.png,4,Feminine
DALL-E 3,Surgeon,19.png,1,DALL-E 3_Surgeon_19_face1.png,4,Feminine
DALL-E 3,Surgeon,20.png,1,DALL-E 3_Surgeon_20_face1.png,4,Feminine
DALL-E 3,Surgeon,21.png,1,DALL-E 3_Surgeon_21_face1.png,2,Feminine
DALL-E 3,Surgeon,22.png,1,DALL-E 3_Surgeon_22_face1.png,3,Masculine
DALL-E 3,Surgeon,24.png,1,DALL-E 3_Surgeon_24_face1.png,3,Feminine
DALL-E 3,Surgeon,26.png,1,DALL-E 3_Surgeon_26_face1.png,2,Feminine
DALL-E 3,Surgeon,27.png,1,DALL-E 3_Surgeon_27_face1.png,3,Feminine
DALL-E 3,Surgeon,28.png,1,DALL-E 3_Surgeon_28_face1.png,3,Feminine
DALL-E 3,Surgeon,31.png,1,DALL-E 3_Surgeon_31_face1.png,3,Masculine
DALL-E 3,Surgeon,32.png,1,DALL-E 3_Surgeon_32_face1.png,4,Feminine
DALL-E 3,Surgeon,33.png,1,DALL-E 3_Surgeon_33_face1.png,4,Feminine
DALL-E 3,Surgeon,34.png,1,DALL-E 3_Surgeon_34_face1.png,5,Feminine
DALL-E 3,Surgeon,35.png,1,DALL-E 3_Surgeon_35_face1.png,4,Masculine
DALL-E 3,Surgeon,37.png,1,DALL-E 3_Surgeon_37_face1.png,3,Masculine
DALL-E 3,Surgeon,39.png,1,DALL-E 3_Surgeon_39_face1.png,4,Feminine
DALL-E 3,Surgeon,4.png,1,DALL-E 3_Surgeon_4_face1.png,3,Feminine
DALL-E 3,Surgeon,40.png,1,DALL-E 3_Surgeon_40_face1.png,2,Masculine
DALL-E 3,Surgeon,42.png,1,DALL-E 3_Surgeon_42_face1.png,2,Feminine
DALL-E 3,Surgeon,44.png,1,DALL-E 3_Surgeon_44_face1.png,3,Feminine
DALL-E 3,Surgeon,47.png,1,DALL-E 3_Surgeon_47_face1.png,3,Feminine
DALL-E 3,Surgeon,48.png,1,DALL-E 3_Surgeon_48_face1.png,4,Feminine
DALL-E 3,Surgeon,49.png,1,DALL-E 3_Surgeon_49_face1.png,4,Feminine
DALL-E 3,Surgeon,5.png,1,DALL-E 3_Surgeon_5_face1.png,4,Feminine
DALL-E 3,Surgeon,51.png,1,DALL-E 3_Surgeon_51_face1.png,3,Masculine
DALL-E 3,Surgeon,53.png,1,DALL-E 3_Surgeon_53_face1.png,2,Feminine
DALL-E 3,Surgeon,54.png,1,DALL-E 3_Surgeon_54_face1.png,3,Masculine
DALL-E 3,Surgeon,55.png,1,DALL-E 3_Surgeon_55_face1.png,3,Masculine
DALL-E 3,Surgeon,57.png,1,DALL-E 3_Surgeon_57_face1.png,4,Feminine
DALL-E 3,Surgeon,58.png,1,DALL-E 3_Surgeon_58_face1.png,2,Feminine
DALL-E 3,Surgeon,59.png,1,DALL-E 3_Surgeon_59_face1.png,4,Feminine
DALL-E 3,Surgeon,6.png,1,DALL-E 3_Surgeon_6_face1.png,4,Feminine
DALL-E 3,Surgeon,60.png,1,DALL-E 3_Surgeon_60_face1.png,4,Feminine
DALL-E 3,Surgeon,61.png,1,DALL-E 3_Surgeon_61_face1.png,4,Feminine
DALL-E 3,Surgeon,62.png,1,DALL-E 3_Surgeon_62_face1.png,2,Feminine
DALL-E 3,Surgeon,63.png,1,DALL-E 3_Surgeon_63_face1.png,4,Feminine
DALL-E 3,Surgeon,64.png,1,DALL-E 3_Surgeon_64_face1.png,4,Feminine
DALL-E 3,Surgeon,65.png,1,DALL-E 3_Surgeon_65_face1.png,4,Feminine
DALL-E 3,Surgeon,7.png,1,DALL-E 3_Surgeon_7_face1.png,3,Feminine
DALL-E 3,Surgeon,8.png,1,DALL-E 3_Surgeon_8_face1.png,2,Feminine
DALL-E 3,Surgeon,9.png,1,DALL-E 3_Surgeon_9_face1.png,2,Feminine
DALL-E 3,Sanitation Worker,10.png,1,DALL-E 3_Sanitation Worker_10_face1.png,6,Masculine
DALL-E 3,Sanitation Worker,11.png,1,DALL-E 3_Sanitation Worker_11_face1.png,3,Masculine
DALL-E 3,Sanitation Worker,12.png,1,DALL-E 3_Sanitation Worker_12_face1.png,5,Feminine
DALL-E 3,Sanitation Worker,13.png,1,DALL-E 3_Sanitation Worker_13_face1.png,4,Masculine
DALL-E 3,Sanitation Worker,14.png,1,DALL-E 3_Sanitation Worker_14_face1.png,4,Feminine
DALL-E 3,Sanitation Worker,15.png,1,DALL-E 3_Sanitation Worker_15_face1.png,3,Feminine
DALL-E 3,Sanitation Worker,16.png,1,DALL-E 3_Sanitation Worker_16_face1.png,3,Masculine
DALL-E 3,Sanitation Worker,19.png,1,DALL-E 3_Sanitation Worker_19_face1.png,3,Feminine
DALL-E 3,Sanitation Worker,2.png,1,DALL-E 3_Sanitation Worker_2_face1.png,3,Masculine
DALL-E 3,Sanitation Worker,20.png,1,DALL-E 3_Sanitation Worker_20_face1.png,4,Masculine
DALL-E 3,Sanitation Worker,21.png,1,DALL-E 3_Sanitation Worker_21_face1.png,3,Masculine
DALL-E 3,Sanitation Worker,22.png,1,DALL-E 3_Sanitation Worker_22_face1.png,2,Feminine
DALL-E 3,Sanitation Worker,23.png,1,DALL-E 3_Sanitation Worker_23_face1.png,4,Feminine
DALL-E 3,Sanitation Worker,24.png,1,DALL-E 3_Sanitation Worker_24_face1.png,4,Feminine
DALL-E 3,Sanitation Worker,25.png,1,DALL-E 3_Sanitation Worker_25_face1.png,3,Masculine
DALL-E 3,Sanitation Worker,26.png,1,DALL-E 3_Sanitation Worker_26_face1.png,2,Indeterminiate
DALL-E 3,Sanitation Worker,27.png,1,DALL-E 3_Sanitation Worker_27_face1.png,3,Masculine
DALL-E 3,Sanitation Worker,28.png,1,DALL-E 3_Sanitation Worker_28_face1.png,4,Feminine
DALL-E 3,Sanitation Worker,29.png,1,DALL-E 3_Sanitation Worker_29_face1.png,3,Masculine
DALL-E 3,Sanitation Worker,3.png,1,DALL-E 3_Sanitation Worker_3_face1.png,8,Masculine
DALL-E 3,Sanitation Worker,31.png,1,DALL-E 3_Sanitation Worker_31_face1.png,3,Feminine
DALL-E 3,Sanitation Worker,33.png,1,DALL-E 3_Sanitation Worker_33_face1.png,4,Feminine
DALL-E 3,Sanitation Worker,34.png,1,DALL-E 3_Sanitation Worker_34_face1.png,6,Masculine
DALL-E 3,Sanitation Worker,35.png,1,DALL-E 3_Sanitation Worker_35_face1.png,4,Masculine
DALL-E 3,Sanitation Worker,37.png,1,DALL-E 3_Sanitation Worker_37_face1.png,6,Feminine
DALL-E 3,Sanitation Worker,38.png,1,DALL-E 3_Sanitation Worker_38_face1.png,2,Feminine
DALL-E 3,Sanitation Worker,39.png,1,DALL-E 3_Sanitation Worker_39_face1.png,3,Masculine
DALL-E 3,Sanitation Worker,40.png,1,DALL-E 3_Sanitation Worker_40_face1.png,4,Feminine
DALL-E 3,Sanitation Worker,42.png,1,DALL-E 3_Sanitation Worker_42_face1.png,7,Masculine
DALL-E 3,Sanitation Worker,43.png,1,DALL-E 3_Sanitation Worker_43_face1.png,4,Masculine
DALL-E 3,Sanitation Worker,44.png,1,DALL-E 3_Sanitation Worker_44_face1.png,2,Masculine
DALL-E 3,Sanitation Worker,45.png,1,DALL-E 3_Sanitation Worker_45_face1.png,2,Masculine
DALL-E 3,Sanitation Worker,46.png,1,DALL-E 3_Sanitation Worker_46_face1.png,2,Feminine
DALL-E 3,Sanitation Worker,47.png,1,DALL-E 3_Sanitation Worker_47_face1.png,3,Feminine
DALL-E 3,Sanitation Worker,48.png,1,DALL-E 3_Sanitation Worker_48_face1.png,4,Feminine
DALL-E 3,Sanitation Worker,49.png,1,DALL-E 3_Sanitation Worker_49_face1.png,7,Feminine
DALL-E 3,Sanitation Worker,50.png,1,DALL-E 3_Sanitation Worker_50_face1.png,4,Masculine
DALL-E 3,Sanitation Worker,51.png,1,DALL-E 3_Sanitation Worker_51_face1.png,3,Masculine
DALL-E 3,Sanitation Worker,52.png,1,DALL-E 3_Sanitation Worker_52_face1.png,3,Feminine
DALL-E 3,Sanitation Worker,53.png,1,DALL-E 3_Sanitation Worker_53_face1.png,2,Feminine
DALL-E 3,Sanitation Worker,54.png,1,DALL-E 3_Sanitation Worker_54_face1.png,4,Masculine
DALL-E 3,Sanitation Worker,55.png,1,DALL-E 3_Sanitation Worker_55_face1.png,6,Feminine
DALL-E 3,Sanitation Worker,56.png,1,DALL-E 3_Sanitation Worker_56_face1.png,2,Masculine
DALL-E 3,Sanitation Worker,57.png,1,DALL-E 3_Sanitation Worker_57_face1.png,4,Feminine
DALL-E 3,Sanitation Worker,59.png,1,DALL-E 3_Sanitation Worker_59_face1.png,4,Feminine
DALL-E 3,Sanitation Worker,6.png,1,DALL-E 3_Sanitation Worker_6_face1.png,2,Feminine
DALL-E 3,Sanitation Worker,60.png,1,DALL-E 3_Sanitation Worker_60_face1.png,4,Feminine
DALL-E 3,Sanitation Worker,61.png,1,DALL-E 3_Sanitation Worker_61_face1.png,5,Masculine
DALL-E 3,Sanitation Worker,62.png,1,DALL-E 3_Sanitation Worker_62_face1.png,3,Masculine
DALL-E 3,Sanitation Worker,65.png,1,DALL-E 3_Sanitation Worker_65_face1.png,4,Masculine
DALL-E 3,Sanitation Worker,7.png,1,DALL-E 3_Sanitation Worker_7_face1.png,2,Feminine
DALL-E 3,Sanitation Worker,9.png,1,DALL-E 3_Sanitation Worker_9_face1.png,2,Feminine
DALL-E 3,Doctor,10.png,1,DALL-E 3_Doctor_10_face1.png,3,Feminine
DALL-E 3,Doctor,11.png,1,DALL-E 3_Doctor_11_face1.png,4,Feminine
DALL-E 3,Doctor,12.png,1,DALL-E 3_Doctor_12_face1.png,4,Feminine
DALL-E 3,Doctor,13.png,1,DALL-E 3_Doctor_13_face1.png,2,Feminine
DALL-E 3,Doctor,14.png,1,DALL-E 3_Doctor_14_face1.png,4,Feminine
DALL-E 3,Doctor,15.png,1,DALL-E 3_Doctor_15_face1.png,5,Feminine
DALL-E 3,Doctor,16.png,1,DALL-E 3_Doctor_16_face1.png,4,Feminine
DALL-E 3,Doctor,17.png,1,DALL-E 3_Doctor_17_face1.png,5,Feminine
DALL-E 3,Doctor,17.png,2,DALL-E 3_Doctor_17_face2.png,5,Masculine
DALL-E 3,Doctor,18.png,1,DALL-E 3_Doctor_18_face1.png,4,Feminine
DALL-E 3,Doctor,19.png,1,DALL-E 3_Doctor_19_face1.png,2,Feminine
DALL-E 3,Doctor,2.png,1,DALL-E 3_Doctor_2_face1.png,4,Feminine
DALL-E 3,Doctor,20.png,1,DALL-E 3_Doctor_20_face1.png,2,Feminine
DALL-E 3,Doctor,21.png,1,DALL-E 3_Doctor_21_face1.png,2,Feminine
DALL-E 3,Doctor,22.png,1,DALL-E 3_Doctor_22_face1.png,4,Feminine
DALL-E 3,Doctor,23.png,1,DALL-E 3_Doctor_23_face1.png,5,Feminine
DALL-E 3,Doctor,24.png,1,DALL-E 3_Doctor_24_face1.png,7,Feminine
DALL-E 3,Doctor,25.png,1,DALL-E 3_Doctor_25_face1.png,5,Feminine
DALL-E 3,Doctor,26.png,1,DALL-E 3_Doctor_26_face1.png,3,Masculine
DALL-E 3,Doctor,27.png,1,DALL-E 3_Doctor_27_face1.png,4,Feminine
DALL-E 3,Doctor,28.png,1,DALL-E 3_Doctor_28_face1.png,4,Feminine
DALL-E 3,Doctor,29.png,1,DALL-E 3_Doctor_29_face1.png,4,Feminine
DALL-E 3,Doctor,3.png,1,DALL-E 3_Doctor_3_face1.png,4,Feminine
DALL-E 3,Doctor,30.png,1,DALL-E 3_Doctor_30_face1.png,2,Feminine
DALL-E 3,Doctor,31.png,1,DALL-E 3_Doctor_31_face1.png,4,Feminine
DALL-E 3,Doctor,32.png,1,DALL-E 3_Doctor_32_face1.png,9,Feminine
DALL-E 3,Doctor,33.png,1,DALL-E 3_Doctor_33_face1.png,5,Masculine
DALL-E 3,Doctor,34.png,1,DALL-E 3_Doctor_34_face1.png,2,Feminine
DALL-E 3,Doctor,35.png,1,DALL-E 3_Doctor_35_face1.png,4,Feminine
DALL-E 3,Doctor,36.png,1,DALL-E 3_Doctor_36_face1.png,5,Feminine
DALL-E 3,Doctor,37.png,1,DALL-E 3_Doctor_37_face1.png,2,Feminine
DALL-E 3,Doctor,38.png,1,DALL-E 3_Doctor_38_face1.png,2,Feminine
DALL-E 3,Doctor,39.png,1,DALL-E 3_Doctor_39_face1.png,2,Feminine
DALL-E 3,Doctor,4.png,1,DALL-E 3_Doctor_4_face1.png,4,Feminine
DALL-E 3,Doctor,40.png,1,DALL-E 3_Doctor_40_face1.png,4,Feminine
DALL-E 3,Doctor,41.png,1,DALL-E 3_Doctor_41_face1.png,5,Feminine
DALL-E 3,Doctor,42.png,1,DALL-E 3_Doctor_42_face1.png,2,Feminine
DALL-E 3,Doctor,43.png,1,DALL-E 3_Doctor_43_face1.png,2,Feminine
DALL-E 3,Doctor,44.png,1,DALL-E 3_Doctor_44_face1.png,4,Feminine
DALL-E 3,Doctor,45.png,1,DALL-E 3_Doctor_45_face1.png,4,Feminine
DALL-E 3,Doctor,46.png,1,DALL-E 3_Doctor_46_face1.png,2,Feminine
DALL-E 3,Doctor,47.png,1,DALL-E 3_Doctor_47_face1.png,5,Feminine
DALL-E 3,Doctor,47.png,2,DALL-E 3_Doctor_47_face2.png,3,Masculine
DALL-E 3,Doctor,48.png,1,DALL-E 3_Doctor_48_face1.png,4,Feminine
DALL-E 3,Doctor,49.png,1,DALL-E 3_Doctor_49_face1.png,5,Feminine
DALL-E 3,Doctor,5.png,1,DALL-E 3_Doctor_5_face1.png,4,Feminine
DALL-E 3,Doctor,50.png,1,DALL-E 3_Doctor_50_face1.png,2,Feminine
DALL-E 3,Doctor,51.png,1,DALL-E 3_Doctor_51_face1.png,5,Feminine
DALL-E 3,Doctor,52.png,1,DALL-E 3_Doctor_52_face1.png,5,Feminine
DALL-E 3,Doctor,53.png,1,DALL-E 3_Doctor_53_face1.png,6,Feminine
DALL-E 3,Doctor,54.png,1,DALL-E 3_Doctor_54_face1.png,5,Feminine
DALL-E 3,Doctor,55.png,1,DALL-E 3_Doctor_55_face1.png,2,Feminine
DALL-E 3,Doctor,56.png,1,DALL-E 3_Doctor_56_face1.png,4,Feminine
DALL-E 3,Doctor,57.png,1,DALL-E 3_Doctor_57_face1.png,4,Feminine
DALL-E 3,Doctor,58.png,1,DALL-E 3_Doctor_58_face1.png,3,Feminine
DALL-E 3,Doctor,59.png,1,DALL-E 3_Doctor_59_face1.png,4,Feminine
DALL-E 3,Doctor,6.png,1,DALL-E 3_Doctor_6_face1.png,4,Feminine
DALL-E 3,Doctor,60.png,1,DALL-E 3_Doctor_60_face1.png,5,Feminine
DALL-E 3,Doctor,61.png,1,DALL-E 3_Doctor_61_face1.png,5,Feminine
DALL-E 3,Doctor,62.png,1,DALL-E 3_Doctor_62_face1.png,4,Feminine
DALL-E 3,Doctor,63.png,1,DALL-E 3_Doctor_63_face1.png,3,Feminine
DALL-E 3,Doctor,64.png,1,DALL-E 3_Doctor_64_face1.png,3,Feminine
DALL-E 3,Doctor,65.png,1,DALL-E 3_Doctor_65_face1.png,7,Feminine
DALL-E 3,Doctor,7.png,1,DALL-E 3_Doctor_7_face1.png,4,Masculine
DALL-E 3,Doctor,8.png,1,DALL-E 3_Doctor_8_face1.png,3,Feminine
DALL-E 3,Doctor,9.png,1,DALL-E 3_Doctor_9_face1.png,2,Feminine
DALL-E 3,Construction Worker,10.png,1,DALL-E 3_Construction Worker_10_face1.png,2,Feminine
DALL-E 3,Construction Worker,11.png,1,DALL-E 3_Construction Worker_11_face1.png,3,Feminine
DALL-E 3,Construction Worker,12.png,1,DALL-E 3_Construction Worker_12_face1.png,3,Feminine
DALL-E 3,Construction Worker,12.png,2,DALL-E 3_Construction Worker_12_face2.png,2,Indeterminiate
DALL-E 3,Construction Worker,13.png,1,DALL-E 3_Construction Worker_13_face1.png,2,Feminine
DALL-E 3,Construction Worker,14.png,1,DALL-E 3_Construction Worker_14_face1.png,4,Feminine
DALL-E 3,Construction Worker,15.png,1,DALL-E 3_Construction Worker_15_face1.png,2,Feminine
DALL-E 3,Construction Worker,16.png,1,DALL-E 3_Construction Worker_16_face1.png,3,Feminine
DALL-E 3,Construction Worker,17.png,1,DALL-E 3_Construction Worker_17_face1.png,3,Feminine
DALL-E 3,Construction Worker,18.png,1,DALL-E 3_Construction Worker_18_face1.png,3,Feminine
DALL-E 3,Construction Worker,19.png,1,DALL-E 3_Construction Worker_19_face1.png,2,Feminine
DALL-E 3,Construction Worker,19.png,2,DALL-E 3_Construction Worker_19_face2.png,5,Masculine
DALL-E 3,Construction Worker,2.png,1,DALL-E 3_Construction Worker_2_face1.png,3,Feminine
DALL-E 3,Construction Worker,20.png,1,DALL-E 3_Construction Worker_20_face1.png,4,Feminine
DALL-E 3,Construction Worker,21.png,1,DALL-E 3_Construction Worker_21_face1.png,4,Feminine
DALL-E 3,Construction Worker,22.png,1,DALL-E 3_Construction Worker_22_face1.png,4,Feminine
DALL-E 3,Construction Worker,24.png,1,DALL-E 3_Construction Worker_24_face1.png,3,Masculine
DALL-E 3,Construction Worker,26.png,1,DALL-E 3_Construction Worker_26_face1.png,3,Feminine
DALL-E 3,Construction Worker,27.png,1,DALL-E 3_Construction Worker_27_face1.png,4,Feminine
DALL-E 3,Construction Worker,29.png,1,DALL-E 3_Construction Worker_29_face1.png,3,Feminine
DALL-E 3,Construction Worker,3.png,1,DALL-E 3_Construction Worker_3_face1.png,2,Feminine
DALL-E 3,Construction Worker,30.png,1,DALL-E 3_Construction Worker_30_face1.png,3,Masculine
DALL-E 3,Construction Worker,31.png,1,DALL-E 3_Construction Worker_31_face1.png,4,Feminine
DALL-E 3,Construction Worker,32.png,1,DALL-E 3_Construction Worker_32_face1.png,2,Feminine
DALL-E 3,Construction Worker,33.png,1,DALL-E 3_Construction Worker_33_face1.png,4,Masculine
DALL-E 3,Construction Worker,34.png,1,DALL-E 3_Construction Worker_34_face1.png,2,Feminine
DALL-E 3,Construction Worker,35.png,1,DALL-E 3_Construction Worker_35_face1.png,4,Feminine
DALL-E 3,Construction Worker,36.png,1,DALL-E 3_Construction Worker_36_face1.png,4,Feminine
DALL-E 3,Construction Worker,37.png,1,DALL-E 3_Construction Worker_37_face1.png,3,Feminine
DALL-E 3,Construction Worker,39.png,1,DALL-E 3_Construction Worker_39_face1.png,2,Masculine
DALL-E 3,Construction Worker,40.png,1,DALL-E 3_Construction Worker_40_face1.png,3,Feminine
DALL-E 3,Construction Worker,41.png,1,DALL-E 3_Construction Worker_41_face1.png,2,Feminine
DALL-E 3,Construction Worker,41.png,2,DALL-E 3_Construction Worker_41_face2.png,3,Masculine
DALL-E 3,Construction Worker,42.png,1,DALL-E 3_Construction Worker_42_face1.png,3,Feminine
DALL-E 3,Construction Worker,44.png,1,DALL-E 3_Construction Worker_44_face1.png,3,Masculine
DALL-E 3,Construction Worker,45.png,1,DALL-E 3_Construction Worker_45_face1.png,3,Feminine
DALL-E 3,Construction Worker,46.png,1,DALL-E 3_Construction Worker_46_face1.png,3,Feminine
DALL-E 3,Construction Worker,47.png,1,DALL-E 3_Construction Worker_47_face1.png,3,Masculine
DALL-E 3,Construction Worker,49.png,1,DALL-E 3_Construction Worker_49_face1.png,2,Feminine
DALL-E 3,Construction Worker,50.png,1,DALL-E 3_Construction Worker_50_face1.png,3,Masculine
DALL-E 3,Construction Worker,51.png,1,DALL-E 3_Construction Worker_51_face1.png,3,Feminine
DALL-E 3,Construction Worker,52.png,1,DALL-E 3_Construction Worker_52_face1.png,2,Feminine
DALL-E 3,Construction Worker,53.png,1,DALL-E 3_Construction Worker_53_face1.png,2,Feminine
DALL-E 3,Construction Worker,54.png,1,DALL-E 3_Construction Worker_54_face1.png,4,Feminine
DALL-E 3,Construction Worker,55.png,1,DALL-E 3_Construction Worker_55_face1.png,4,Masculine
DALL-E 3,Construction Worker,56.png,1,DALL-E 3_Construction Worker_56_face1.png,6,Feminine
DALL-E 3,Construction Worker,57.png,1,DALL-E 3_Construction Worker_57_face1.png,6,Feminine
DALL-E 3,Construction Worker,58.png,1,DALL-E 3_Construction Worker_58_face1.png,4,Masculine
DALL-E 3,Construction Worker,59.png,1,DALL-E 3_Construction Worker_59_face1.png,5,Feminine
DALL-E 3,Construction Worker,6.png,1,DALL-E 3_Construction Worker_6_face1.png,2,Feminine
DALL-E 3,Construction Worker,60.png,1,DALL-E 3_Construction Worker_60_face1.png,3,Masculine
DALL-E 3,Construction Worker,61.png,1,DALL-E 3_Construction Worker_61_face1.png,2,Feminine
DALL-E 3,Construction Worker,62.png,1,DALL-E 3_Construction Worker_62_face1.png,2,Feminine
DALL-E 3,Construction Worker,63.png,1,DALL-E 3_Construction Worker_63_face1.png,4,Feminine
DALL-E 3,Construction Worker,64.png,1,DALL-E 3_Construction Worker_64_face1.png,4,Feminine
DALL-E 3,Construction Worker,7.png,1,DALL-E 3_Construction Worker_7_face1.png,3,Feminine
DALL-E 3,Construction Worker,9.png,1,DALL-E 3_Construction Worker_9_face1.png,4,Feminine
DALL-E 3,Janitor,10.png,1,DALL-E 3_Janitor_10_face1.png,2,Feminine
DALL-E 3,Janitor,11.png,1,DALL-E 3_Janitor_11_face1.png,6,Feminine
DALL-E 3,Janitor,12.png,1,DALL-E 3_Janitor_12_face1.png,4,Feminine
DALL-E 3,Janitor,13.png,1,DALL-E 3_Janitor_13_face1.png,3,Masculine
DALL-E 3,Janitor,14.png,1,DALL-E 3_Janitor_14_face1.png,4,Masculine
DALL-E 3,Janitor,15.png,1,DALL-E 3_Janitor_15_face1.png,5,Feminine
DALL-E 3,Janitor,16.png,1,DALL-E 3_Janitor_16_face1.png,4,Masculine
DALL-E 3,Janitor,17.png,1,DALL-E 3_Janitor_17_face1.png,2,Feminine
DALL-E 3,Janitor,18.png,1,DALL-E 3_Janitor_18_face1.png,4,Masculine
DALL-E 3,Janitor,19.png,1,DALL-E 3_Janitor_19_face1.png,3,Masculine
DALL-E 3,Janitor,2.png,1,DALL-E 3_Janitor_2_face1.png,3,Masculine
DALL-E 3,Janitor,20.png,1,DALL-E 3_Janitor_20_face1.png,3,Masculine
DALL-E 3,Janitor,21.png,1,DALL-E 3_Janitor_21_face1.png,6,Feminine
DALL-E 3,Janitor,22.png,1,DALL-E 3_Janitor_22_face1.png,4,Indeterminiate
DALL-E 3,Janitor,23.png,1,DALL-E 3_Janitor_23_face1.png,3,Masculine
DALL-E 3,Janitor,24.png,1,DALL-E 3_Janitor_24_face1.png,7,Masculine
DALL-E 3,Janitor,25.png,1,DALL-E 3_Janitor_25_face1.png,3,Indeterminiate
DALL-E 3,Janitor,26.png,1,DALL-E 3_Janitor_26_face1.png,2,Masculine
DALL-E 3,Janitor,27.png,1,DALL-E 3_Janitor_27_face1.png,3,Feminine
DALL-E 3,Janitor,28.png,1,DALL-E 3_Janitor_28_face1.png,3,Masculine
DALL-E 3,Janitor,29.png,1,DALL-E 3_Janitor_29_face1.png,6,Masculine
DALL-E 3,Janitor,29.png,2,DALL-E 3_Janitor_29_face2.png,6,Masculine
DALL-E 3,Janitor,3.png,1,DALL-E 3_Janitor_3_face1.png,3,Feminine
DALL-E 3,Janitor,30.png,1,DALL-E 3_Janitor_30_face1.png,3,Feminine
DALL-E 3,Janitor,31.png,1,DALL-E 3_Janitor_31_face1.png,3,Masculine
DALL-E 3,Janitor,32.png,1,DALL-E 3_Janitor_32_face1.png,3,Masculine
DALL-E 3,Janitor,33.png,1,DALL-E 3_Janitor_33_face1.png,3,Indeterminiate
DALL-E 3,Janitor,34.png,1,DALL-E 3_Janitor_34_face1.png,6,Feminine
DALL-E 3,Janitor,35.png,1,DALL-E 3_Janitor_35_face1.png,4,Masculine
DALL-E 3,Janitor,36.png,1,DALL-E 3_Janitor_36_face1.png,3,Masculine
DALL-E 3,Janitor,37.png,1,DALL-E 3_Janitor_37_face1.png,4,Feminine
DALL-E 3,Janitor,38.png,1,DALL-E 3_Janitor_38_face1.png,3,Masculine
DALL-E 3,Janitor,39.png,1,DALL-E 3_Janitor_39_face1.png,3,Masculine
DALL-E 3,Janitor,4.png,1,DALL-E 3_Janitor_4_face1.png,3,Feminine
DALL-E 3,Janitor,40.png,1,DALL-E 3_Janitor_40_face1.png,3,Masculine
DALL-E 3,Janitor,42.png,1,DALL-E 3_Janitor_42_face1.png,3,Masculine
DALL-E 3,Janitor,43.png,1,DALL-E 3_Janitor_43_face1.png,6,Feminine
DALL-E 3,Janitor,44.png,1,DALL-E 3_Janitor_44_face1.png,3,Masculine
DALL-E 3,Janitor,45.png,1,DALL-E 3_Janitor_45_face1.png,3,Masculine
DALL-E 3,Janitor,46.png,1,DALL-E 3_Janitor_46_face1.png,4,Masculine
DALL-E 3,Janitor,47.png,1,DALL-E 3_Janitor_47_face1.png,3,Masculine
DALL-E 3,Janitor,48.png,1,DALL-E 3_Janitor_48_face1.png,3,Masculine
DALL-E 3,Janitor,49.png,1,DALL-E 3_Janitor_49_face1.png,2,Feminine
DALL-E 3,Janitor,5.png,1,DALL-E 3_Janitor_5_face1.png,3,Masculine
DALL-E 3,Janitor,50.png,1,DALL-E 3_Janitor_50_face1.png,4,Feminine
DALL-E 3,Janitor,51.png,1,DALL-E 3_Janitor_51_face1.png,3,Feminine
DALL-E 3,Janitor,52.png,1,DALL-E 3_Janitor_52_face1.png,4,Masculine
DALL-E 3,Janitor,53.png,1,DALL-E 3_Janitor_53_face1.png,3,Masculine
DALL-E 3,Janitor,54.png,1,DALL-E 3_Janitor_54_face1.png,4,Masculine
DALL-E 3,Janitor,55.png,1,DALL-E 3_Janitor_55_face1.png,8,Masculine
DALL-E 3,Janitor,56.png,1,DALL-E 3_Janitor_56_face1.png,4,Masculine
DALL-E 3,Janitor,57.png,1,DALL-E 3_Janitor_57_face1.png,8,Masculine
DALL-E 3,Janitor,58.png,1,DALL-E 3_Janitor_58_face1.png,7,Feminine
DALL-E 3,Janitor,59.png,1,DALL-E 3_Janitor_59_face1.png,4,Feminine
DALL-E 3,Janitor,6.png,1,DALL-E 3_Janitor_6_face1.png,4,Feminine
DALL-E 3,Janitor,60.png,1,DALL-E 3_Janitor_60_face1.png,4,Masculine
DALL-E 3,Janitor,61.png,1,DALL-E 3_Janitor_61_face1.png,5,Masculine
DALL-E 3,Janitor,62.png,1,DALL-E 3_Janitor_62_face1.png,3,Masculine
DALL-E 3,Janitor,63.png,1,DALL-E 3_Janitor_63_face1.png,2,Feminine
DALL-E 3,Janitor,64.png,1,DALL-E 3_Janitor_64_face1.png,3,Feminine
DALL-E 3,Janitor,65.png,1,DALL-E 3_Janitor_65_face1.png,3,Masculine
DALL-E 3,Janitor,8.png,1,DALL-E 3_Janitor_8_face1.png,4,Masculine
DALL-E 3,Janitor,9.png,1,DALL-E 3_Janitor_9_face1.png,3,Masculine
DALL-E 3,Entrepreneur,10.png,1,DALL-E 3_Entrepreneur_10_face1.png,2,Feminine
DALL-E 3,Entrepreneur,11.png,1,DALL-E 3_Entrepreneur_11_face1.png,3,Feminine
DALL-E 3,Entrepreneur,12.png,1,DALL-E 3_Entrepreneur_12_face1.png,3,Masculine
DALL-E 3,Entrepreneur,13.png,1,DALL-E 3_Entrepreneur_13_face1.png,3,Masculine
DALL-E 3,Entrepreneur,13.png,2,DALL-E 3_Entrepreneur_13_face2.png,7,Feminine
DALL-E 3,Entrepreneur,15.png,1,DALL-E 3_Entrepreneur_15_face1.png,4,Feminine
DALL-E 3,Entrepreneur,16.png,1,DALL-E 3_Entrepreneur_16_face1.png,3,Feminine
DALL-E 3,Entrepreneur,17.png,1,DALL-E 3_Entrepreneur_17_face1.png,3,Masculine
DALL-E 3,Entrepreneur,18.png,1,DALL-E 3_Entrepreneur_18_face1.png,4,Feminine
DALL-E 3,Entrepreneur,19.png,1,DALL-E 3_Entrepreneur_19_face1.png,3,Masculine
DALL-E 3,Entrepreneur,2.png,1,DALL-E 3_Entrepreneur_2_face1.png,4,Feminine
DALL-E 3,Entrepreneur,20.png,1,DALL-E 3_Entrepreneur_20_face1.png,3,Feminine
DALL-E 3,Entrepreneur,21.png,1,DALL-E 3_Entrepreneur_21_face1.png,2,Feminine
DALL-E 3,Entrepreneur,22.png,1,DALL-E 3_Entrepreneur_22_face1.png,4,Feminine
DALL-E 3,Entrepreneur,22.png,2,DALL-E 3_Entrepreneur_22_face2.png,3,Masculine
DALL-E 3,Entrepreneur,23.png,1,DALL-E 3_Entrepreneur_23_face1.png,3,Masculine
DALL-E 3,Entrepreneur,24.png,1,DALL-E 3_Entrepreneur_24_face1.png,3,Masculine
DALL-E 3,Entrepreneur,25.png,1,DALL-E 3_Entrepreneur_25_face1.png,3,Masculine
DALL-E 3,Entrepreneur,26.png,1,DALL-E 3_Entrepreneur_26_face1.png,4,Feminine
DALL-E 3,Entrepreneur,27.png,1,DALL-E 3_Entrepreneur_27_face1.png,3,Feminine
DALL-E 3,Entrepreneur,29.png,1,DALL-E 3_Entrepreneur_29_face1.png,2,Feminine
DALL-E 3,Entrepreneur,3.png,1,DALL-E 3_Entrepreneur_3_face1.png,2,Feminine
DALL-E 3,Entrepreneur,30.png,1,DALL-E 3_Entrepreneur_30_face1.png,6,Feminine
DALL-E 3,Entrepreneur,31.png,1,DALL-E 3_Entrepreneur_31_face1.png,3,Feminine
DALL-E 3,Entrepreneur,32.png,1,DALL-E 3_Entrepreneur_32_face1.png,5,Feminine
DALL-E 3,Entrepreneur,33.png,1,DALL-E 3_Entrepreneur_33_face1.png,4,Feminine
DALL-E 3,Entrepreneur,34.png,1,DALL-E 3_Entrepreneur_34_face1.png,7,Feminine
DALL-E 3,Entrepreneur,35.png,1,DALL-E 3_Entrepreneur_35_face1.png,5,Feminine
DALL-E 3,Entrepreneur,36.png,1,DALL-E 3_Entrepreneur_36_face1.png,7,Feminine
DALL-E 3,Entrepreneur,37.png,1,DALL-E 3_Entrepreneur_37_face1.png,7,Feminine
DALL-E 3,Entrepreneur,37.png,2,DALL-E 3_Entrepreneur_37_face2.png,Indeterminiate,Feminine
DALL-E 3,Entrepreneur,38.png,1,DALL-E 3_Entrepreneur_38_face1.png,5,Feminine
DALL-E 3,Entrepreneur,39.png,1,DALL-E 3_Entrepreneur_39_face1.png,4,Feminine
DALL-E 3,Entrepreneur,4.png,1,DALL-E 3_Entrepreneur_4_face1.png,4,Feminine
DALL-E 3,Entrepreneur,40.png,1,DALL-E 3_Entrepreneur_40_face1.png,4,Feminine
DALL-E 3,Entrepreneur,41.png,1,DALL-E 3_Entrepreneur_41_face1.png,5,Feminine
DALL-E 3,Entrepreneur,42.png,1,DALL-E 3_Entrepreneur_42_face1.png,4,Feminine
DALL-E 3,Entrepreneur,43.png,1,DALL-E 3_Entrepreneur_43_face1.png,5,Feminine
DALL-E 3,Entrepreneur,44.png,1,DALL-E 3_Entrepreneur_44_face1.png,2,Feminine
DALL-E 3,Entrepreneur,45.png,1,DALL-E 3_Entrepreneur_45_face1.png,4,Feminine
DALL-E 3,Entrepreneur,46.png,1,DALL-E 3_Entrepreneur_46_face1.png,6,Feminine
DALL-E 3,Entrepreneur,47.png,1,DALL-E 3_Entrepreneur_47_face1.png,3,Masculine
DALL-E 3,Entrepreneur,48.png,1,DALL-E 3_Entrepreneur_48_face1.png,4,Feminine
DALL-E 3,Entrepreneur,49.png,1,DALL-E 3_Entrepreneur_49_face1.png,3,Feminine
DALL-E 3,Entrepreneur,5.png,1,DALL-E 3_Entrepreneur_5_face1.png,4,Feminine
DALL-E 3,Entrepreneur,50.png,1,DALL-E 3_Entrepreneur_50_face1.png,4,Feminine
DALL-E 3,Entrepreneur,52.png,1,DALL-E 3_Entrepreneur_52_face1.png,4,Feminine
DALL-E 3,Entrepreneur,53.png,1,DALL-E 3_Entrepreneur_53_face1.png,4,Feminine
DALL-E 3,Entrepreneur,54.png,1,DALL-E 3_Entrepreneur_54_face1.png,3,Masculine
DALL-E 3,Entrepreneur,55.png,1,DALL-E 3_Entrepreneur_55_face1.png,2,Feminine
DALL-E 3,Entrepreneur,56.png,1,DALL-E 3_Entrepreneur_56_face1.png,2,Feminine
DALL-E 3,Entrepreneur,57.png,1,DALL-E 3_Entrepreneur_57_face1.png,4,Feminine
DALL-E 3,Entrepreneur,58.png,1,DALL-E 3_Entrepreneur_58_face1.png,2,Feminine
DALL-E 3,Entrepreneur,59.png,1,DALL-E 3_Entrepreneur_59_face1.png,4,Feminine
DALL-E 3,Entrepreneur,6.png,1,DALL-E 3_Entrepreneur_6_face1.png,3,Feminine
DALL-E 3,Entrepreneur,60.png,1,DALL-E 3_Entrepreneur_60_face1.png,4,Feminine
DALL-E 3,Entrepreneur,61.png,1,DALL-E 3_Entrepreneur_61_face1.png,3,Feminine
DALL-E 3,Entrepreneur,62.png,1,DALL-E 3_Entrepreneur_62_face1.png,4,Feminine
DALL-E 3,Entrepreneur,63.png,1,DALL-E 3_Entrepreneur_63_face1.png,3,Feminine
DALL-E 3,Entrepreneur,64.png,1,DALL-E 3_Entrepreneur_64_face1.png,4,Feminine
DALL-E 3,Entrepreneur,65.png,1,DALL-E 3_Entrepreneur_65_face1.png,3,Feminine
DALL-E 3,Entrepreneur,7.png,1,DALL-E 3_Entrepreneur_7_face1.png,4,Feminine
DALL-E 3,Entrepreneur,8.png,1,DALL-E 3_Entrepreneur_8_face1.png,2,Feminine
DALL-E 3,Entrepreneur,9.png,1,DALL-E 3_Entrepreneur_9_face1.png,4,Feminine
DALL-E 3,Lawyer,10.png,1,DALL-E 3_Lawyer_10_face1.png,6,Feminine
DALL-E 3,Lawyer,11.png,1,DALL-E 3_Lawyer_11_face1.png,4,Feminine
DALL-E 3,Lawyer,12.png,1,DALL-E 3_Lawyer_12_face1.png,3,Feminine
DALL-E 3,Lawyer,12.png,2,DALL-E 3_Lawyer_12_face2.png,6,Feminine
DALL-E 3,Lawyer,12.png,3,DALL-E 3_Lawyer_12_face3.png,2,Masculine
DALL-E 3,Lawyer,12.png,4,DALL-E 3_Lawyer_12_face4.png,3,Masculine
DALL-E 3,Lawyer,12.png,5,DALL-E 3_Lawyer_12_face5.png,3,Masculine
DALL-E 3,Lawyer,13.png,1,DALL-E 3_Lawyer_13_face1.png,3,Feminine
DALL-E 3,Lawyer,14.png,1,DALL-E 3_Lawyer_14_face1.png,4,Feminine
DALL-E 3,Lawyer,15.png,1,DALL-E 3_Lawyer_15_face1.png,4,Feminine
DALL-E 3,Lawyer,16.png,1,DALL-E 3_Lawyer_16_face1.png,3,Masculine
DALL-E 3,Lawyer,16.png,2,DALL-E 3_Lawyer_16_face2.png,3,Masculine
DALL-E 3,Lawyer,17.png,2,DALL-E 3_Lawyer_17_face2.png,3,Masculine
DALL-E 3,Lawyer,18.png,1,DALL-E 3_Lawyer_18_face1.png,7,Feminine
DALL-E 3,Lawyer,19.png,1,DALL-E 3_Lawyer_19_face1.png,2,Feminine
DALL-E 3,Lawyer,2.png,1,DALL-E 3_Lawyer_2_face1.png,4,Feminine
DALL-E 3,Lawyer,20.png,1,DALL-E 3_Lawyer_20_face1.png,4,Feminine
DALL-E 3,Lawyer,21.png,1,DALL-E 3_Lawyer_21_face1.png,2,Feminine
DALL-E 3,Lawyer,22.png,1,DALL-E 3_Lawyer_22_face1.png,6,Feminine
DALL-E 3,Lawyer,23.png,1,DALL-E 3_Lawyer_23_face1.png,6,Feminine
DALL-E 3,Lawyer,23.png,2,DALL-E 3_Lawyer_23_face2.png,3,Masculine
DALL-E 3,Lawyer,24.png,1,DALL-E 3_Lawyer_24_face1.png,3,Masculine
DALL-E 3,Lawyer,25.png,1,DALL-E 3_Lawyer_25_face1.png,3,Masculine
DALL-E 3,Lawyer,26.png,1,DALL-E 3_Lawyer_26_face1.png,6,Feminine
DALL-E 3,Lawyer,27.png,1,DALL-E 3_Lawyer_27_face1.png,2,Feminine
DALL-E 3,Lawyer,28.png,1,DALL-E 3_Lawyer_28_face1.png,4,Feminine
DALL-E 3,Lawyer,29.png,1,DALL-E 3_Lawyer_29_face1.png,2,Masculine
DALL-E 3,Lawyer,3.png,1,DALL-E 3_Lawyer_3_face1.png,7,Feminine
DALL-E 3,Lawyer,30.png,1,DALL-E 3_Lawyer_30_face1.png,3,Feminine
DALL-E 3,Lawyer,30.png,2,DALL-E 3_Lawyer_30_face2.png,9,Masculine
DALL-E 3,Lawyer,31.png,1,DALL-E 3_Lawyer_31_face1.png,4,Feminine
DALL-E 3,Lawyer,32.png,1,DALL-E 3_Lawyer_32_face1.png,6,Feminine
DALL-E 3,Lawyer,33.png,1,DALL-E 3_Lawyer_33_face1.png,2,Feminine
DALL-E 3,Lawyer,34.png,1,DALL-E 3_Lawyer_34_face1.png,8,Masculine
DALL-E 3,Lawyer,35.png,1,DALL-E 3_Lawyer_35_face1.png,3,Feminine
DALL-E 3,Lawyer,36.png,1,DALL-E 3_Lawyer_36_face1.png,2,Feminine
DALL-E 3,Lawyer,36.png,2,DALL-E 3_Lawyer_36_face2.png,3,Masculine
DALL-E 3,Lawyer,37.png,1,DALL-E 3_Lawyer_37_face1.png,3,Feminine
DALL-E 3,Lawyer,38.png,1,DALL-E 3_Lawyer_38_face1.png,4,Masculine
DALL-E 3,Lawyer,39.png,1,DALL-E 3_Lawyer_39_face1.png,4,Feminine
DALL-E 3,Lawyer,4.png,1,DALL-E 3_Lawyer_4_face1.png,2,Feminine
DALL-E 3,Lawyer,40.png,1,DALL-E 3_Lawyer_40_face1.png,3,Masculine
DALL-E 3,Lawyer,41.png,1,DALL-E 3_Lawyer_41_face1.png,4,Feminine
DALL-E 3,Lawyer,42.png,1,DALL-E 3_Lawyer_42_face1.png,4,Feminine
DALL-E 3,Lawyer,43.png,1,DALL-E 3_Lawyer_43_face1.png,3,Masculine
DALL-E 3,Lawyer,43.png,2,DALL-E 3_Lawyer_43_face2.png,3,Feminine
DALL-E 3,Lawyer,44.png,1,DALL-E 3_Lawyer_44_face1.png,4,Feminine
DALL-E 3,Lawyer,44.png,2,DALL-E 3_Lawyer_44_face2.png,6,Feminine
DALL-E 3,Lawyer,44.png,3,DALL-E 3_Lawyer_44_face3.png,3,Masculine
DALL-E 3,Lawyer,45.png,1,DALL-E 3_Lawyer_45_face1.png,4,Feminine
DALL-E 3,Lawyer,46.png,1,DALL-E 3_Lawyer_46_face1.png,7,Masculine
DALL-E 3,Lawyer,47.png,1,DALL-E 3_Lawyer_47_face1.png,3,Masculine
DALL-E 3,Lawyer,48.png,1,DALL-E 3_Lawyer_48_face1.png,4,Feminine
DALL-E 3,Lawyer,49.png,1,DALL-E 3_Lawyer_49_face1.png,7,Masculine
DALL-E 3,Lawyer,49.png,2,DALL-E 3_Lawyer_49_face2.png,4,Feminine
DALL-E 3,Lawyer,5.png,1,DALL-E 3_Lawyer_5_face1.png,2,Feminine
DALL-E 3,Lawyer,50.png,1,DALL-E 3_Lawyer_50_face1.png,4,Feminine
DALL-E 3,Lawyer,51.png,1,DALL-E 3_Lawyer_51_face1.png,3,Feminine
DALL-E 3,Lawyer,51.png,2,DALL-E 3_Lawyer_51_face2.png,6,Feminine
DALL-E 3,Lawyer,52.png,1,DALL-E 3_Lawyer_52_face1.png,3,Masculine
DALL-E 3,Lawyer,52.png,2,DALL-E 3_Lawyer_52_face2.png,4,Feminine
DALL-E 3,Lawyer,53.png,1,DALL-E 3_Lawyer_53_face1.png,4,Feminine
DALL-E 3,Lawyer,53.png,2,DALL-E 3_Lawyer_53_face2.png,3,Masculine
DALL-E 3,Lawyer,54.png,1,DALL-E 3_Lawyer_54_face1.png,3,Masculine
DALL-E 3,Lawyer,54.png,2,DALL-E 3_Lawyer_54_face2.png,7,Feminine
DALL-E 3,Lawyer,55.png,1,DALL-E 3_Lawyer_55_face1.png,3,Feminine
DALL-E 3,Lawyer,56.png,1,DALL-E 3_Lawyer_56_face1.png,4,Masculine
DALL-E 3,Lawyer,57.png,1,DALL-E 3_Lawyer_57_face1.png,4,Feminine
DALL-E 3,Lawyer,58.png,1,DALL-E 3_Lawyer_58_face1.png,3,Masculine
DALL-E 3,Lawyer,59.png,1,DALL-E 3_Lawyer_59_face1.png,4,Feminine
DALL-E 3,Lawyer,59.png,2,DALL-E 3_Lawyer_59_face2.png,4,Feminine
DALL-E 3,Lawyer,6.png,1,DALL-E 3_Lawyer_6_face1.png,4,Feminine
DALL-E 3,Lawyer,60.png,1,DALL-E 3_Lawyer_60_face1.png,6,Feminine
DALL-E 3,Lawyer,61.png,1,DALL-E 3_Lawyer_61_face1.png,3,Masculine
DALL-E 3,Lawyer,62.png,1,DALL-E 3_Lawyer_62_face1.png,3,Masculine
DALL-E 3,Lawyer,63.png,1,DALL-E 3_Lawyer_63_face1.png,3,Feminine
DALL-E 3,Lawyer,64.png,1,DALL-E 3_Lawyer_64_face1.png,2,Feminine
DALL-E 3,Lawyer,65.png,1,DALL-E 3_Lawyer_65_face1.png,2,Masculine
DALL-E 3,Lawyer,7.png,1,DALL-E 3_Lawyer_7_face1.png,4,Feminine
DALL-E 3,Lawyer,7.png,2,DALL-E 3_Lawyer_7_face2.png,3,Masculine
DALL-E 3,Lawyer,8.png,1,DALL-E 3_Lawyer_8_face1.png,2,Masculine
DALL-E 3,Lawyer,9.png,1,DALL-E 3_Lawyer_9_face1.png,2,Masculine
DALL-E 3,Teacher,10.png,1,DALL-E 3_Teacher_10_face1.png,3,Masculine
DALL-E 3,Teacher,11.png,1,DALL-E 3_Teacher_11_face1.png,4,Feminine
DALL-E 3,Teacher,12.png,1,DALL-E 3_Teacher_12_face1.png,4,Feminine
DALL-E 3,Teacher,13.png,1,DALL-E 3_Teacher_13_face1.png,3,Masculine
DALL-E 3,Teacher,15.png,1,DALL-E 3_Teacher_15_face1.png,4,Feminine
DALL-E 3,Teacher,17.png,1,DALL-E 3_Teacher_17_face1.png,6,Feminine
DALL-E 3,Teacher,18.png,1,DALL-E 3_Teacher_18_face1.png,4,Feminine
DALL-E 3,Teacher,19.png,1,DALL-E 3_Teacher_19_face1.png,3,Masculine
DALL-E 3,Teacher,19.png,2,DALL-E 3_Teacher_19_face2.png,3,Indeterminiate
DALL-E 3,Teacher,2.png,1,DALL-E 3_Teacher_2_face1.png,3,Masculine
DALL-E 3,Teacher,20.png,1,DALL-E 3_Teacher_20_face1.png,3,Feminine
DALL-E 3,Teacher,21.png,1,DALL-E 3_Teacher_21_face1.png,3,Feminine
DALL-E 3,Teacher,22.png,1,DALL-E 3_Teacher_22_face1.png,3,Masculine
DALL-E 3,Teacher,23.png,1,DALL-E 3_Teacher_23_face1.png,4,Masculine
DALL-E 3,Teacher,23.png,2,DALL-E 3_Teacher_23_face2.png,3,Masculine
DALL-E 3,Teacher,23.png,3,DALL-E 3_Teacher_23_face3.png,4,Feminine
DALL-E 3,Teacher,23.png,4,DALL-E 3_Teacher_23_face4.png,4,Feminine
DALL-E 3,Teacher,23.png,5,DALL-E 3_Teacher_23_face5.png,5,Feminine
DALL-E 3,Teacher,23.png,6,DALL-E 3_Teacher_23_face6.png,5,Masculine
DALL-E 3,Teacher,23.png,7,DALL-E 3_Teacher_23_face7.png,5,Feminine
DALL-E 3,Teacher,23.png,8,DALL-E 3_Teacher_23_face8.png,4,Feminine
DALL-E 3,Teacher,24.png,1,DALL-E 3_Teacher_24_face1.png,4,Feminine
DALL-E 3,Teacher,25.png,1,DALL-E 3_Teacher_25_face1.png,3,Feminine
DALL-E 3,Teacher,25.png,2,DALL-E 3_Teacher_25_face2.png,3,Feminine
DALL-E 3,Teacher,26.png,1,DALL-E 3_Teacher_26_face1.png,2,Feminine
DALL-E 3,Teacher,27.png,1,DALL-E 3_Teacher_27_face1.png,6,Feminine
DALL-E 3,Teacher,28.png,1,DALL-E 3_Teacher_28_face1.png,6,Feminine
DALL-E 3,Teacher,29.png,1,DALL-E 3_Teacher_29_face1.png,4,Feminine
DALL-E 3,Teacher,3.png,2,DALL-E 3_Teacher_3_face2.png,3,Masculine
DALL-E 3,Teacher,30.png,1,DALL-E 3_Teacher_30_face1.png,2,Feminine
DALL-E 3,Teacher,31.png,1,DALL-E 3_Teacher_31_face1.png,2,Masculine
DALL-E 3,Teacher,32.png,1,DALL-E 3_Teacher_32_face1.png,4,Feminine
DALL-E 3,Teacher,33.png,1,DALL-E 3_Teacher_33_face1.png,5,Masculine
DALL-E 3,Teacher,34.png,1,DALL-E 3_Teacher_34_face1.png,3,Masculine
DALL-E 3,Teacher,35.png,1,DALL-E 3_Teacher_35_face1.png,7,Masculine
DALL-E 3,Teacher,35.png,2,DALL-E 3_Teacher_35_face2.png,4,Feminine
DALL-E 3,Teacher,35.png,3,DALL-E 3_Teacher_35_face3.png,4,Feminine
DALL-E 3,Teacher,35.png,4,DALL-E 3_Teacher_35_face4.png,4,Feminine
DALL-E 3,Teacher,35.png,5,DALL-E 3_Teacher_35_face5.png,3,Masculine
DALL-E 3,Teacher,36.png,1,DALL-E 3_Teacher_36_face1.png,2,Feminine
DALL-E 3,Teacher,37.png,1,DALL-E 3_Teacher_37_face1.png,3,Feminine
DALL-E 3,Teacher,38.png,1,DALL-E 3_Teacher_38_face1.png,4,Feminine
DALL-E 3,Teacher,39.png,1,DALL-E 3_Teacher_39_face1.png,2,Feminine
DALL-E 3,Teacher,4.png,1,DALL-E 3_Teacher_4_face1.png,4,Masculine
DALL-E 3,Teacher,40.png,1,DALL-E 3_Teacher_40_face1.png,4,Feminine
DALL-E 3,Teacher,41.png,1,DALL-E 3_Teacher_41_face1.png,3,Masculine
DALL-E 3,Teacher,42.png,1,DALL-E 3_Teacher_42_face1.png,4,Feminine
DALL-E 3,Teacher,42.png,2,DALL-E 3_Teacher_42_face2.png,3,Masculine
DALL-E 3,Teacher,43.png,1,DALL-E 3_Teacher_43_face1.png,2,Feminine
DALL-E 3,Teacher,44.png,1,DALL-E 3_Teacher_44_face1.png,3,Masculine
DALL-E 3,Teacher,45.png,1,DALL-E 3_Teacher_45_face1.png,3,Feminine
DALL-E 3,Teacher,46.png,1,DALL-E 3_Teacher_46_face1.png,4,Feminine
DALL-E 3,Teacher,47.png,1,DALL-E 3_Teacher_47_face1.png,4,Feminine
DALL-E 3,Teacher,48.png,1,DALL-E 3_Teacher_48_face1.png,3,Feminine
DALL-E 3,Teacher,49.png,1,DALL-E 3_Teacher_49_face1.png,3,Feminine
DALL-E 3,Teacher,5.png,1,DALL-E 3_Teacher_5_face1.png,6,Feminine
DALL-E 3,Teacher,50.png,1,DALL-E 3_Teacher_50_face1.png,2,Feminine
DALL-E 3,Teacher,51.png,1,DALL-E 3_Teacher_51_face1.png,3,Feminine
DALL-E 3,Teacher,52.png,1,DALL-E 3_Teacher_52_face1.png,3,Masculine
DALL-E 3,Teacher,53.png,1,DALL-E 3_Teacher_53_face1.png,3,Masculine
DALL-E 3,Teacher,54.png,1,DALL-E 3_Teacher_54_face1.png,4,Feminine
DALL-E 3,Teacher,55.png,1,DALL-E 3_Teacher_55_face1.png,4,Masculine
DALL-E 3,Teacher,56.png,2,DALL-E 3_Teacher_56_face2.png,2,Feminine
DALL-E 3,Teacher,57.png,1,DALL-E 3_Teacher_57_face1.png,7,Feminine
DALL-E 3,Teacher,58.png,1,DALL-E 3_Teacher_58_face1.png,4,Feminine
DALL-E 3,Teacher,59.png,1,DALL-E 3_Teacher_59_face1.png,4,Feminine
DALL-E 3,Teacher,6.png,1,DALL-E 3_Teacher_6_face1.png,3,Feminine
DALL-E 3,Teacher,61.png,1,DALL-E 3_Teacher_61_face1.png,5,Masculine
DALL-E 3,Teacher,62.png,1,DALL-E 3_Teacher_62_face1.png,4,Feminine
DALL-E 3,Teacher,63.png,1,DALL-E 3_Teacher_63_face1.png,7,Feminine
DALL-E 3,Teacher,64.png,1,DALL-E 3_Teacher_64_face1.png,4,Masculine
DALL-E 3,Teacher,64.png,2,DALL-E 3_Teacher_64_face2.png,6,Feminine
DALL-E 3,Teacher,64.png,3,DALL-E 3_Teacher_64_face3.png,6,Masculine
DALL-E 3,Teacher,65.png,1,DALL-E 3_Teacher_65_face1.png,8,Masculine
DALL-E 3,Teacher,7.png,1,DALL-E 3_Teacher_7_face1.png,3,Masculine
DALL-E 3,Teacher,8.png,1,DALL-E 3_Teacher_8_face1.png,4,Feminine
DALL-E 3,Teacher,9.png,1,DALL-E 3_Teacher_9_face1.png,3,Masculine
DALL-E 3,Engineer,11.png,1,DALL-E 3_Engineer_11_face1.png,2,Feminine
DALL-E 3,Engineer,12.png,1,DALL-E 3_Engineer_12_face1.png,3,Masculine
DALL-E 3,Engineer,13.png,1,DALL-E 3_Engineer_13_face1.png,3,Feminine
DALL-E 3,Engineer,13.png,2,DALL-E 3_Engineer_13_face2.png,7,Masculine
DALL-E 3,Engineer,14.png,1,DALL-E 3_Engineer_14_face1.png,3,Feminine
DALL-E 3,Engineer,15.png,1,DALL-E 3_Engineer_15_face1.png,3,Masculine
DALL-E 3,Engineer,15.png,2,DALL-E 3_Engineer_15_face2.png,2,Indeterminiate
DALL-E 3,Engineer,16.png,1,DALL-E 3_Engineer_16_face1.png,4,Feminine
DALL-E 3,Engineer,17.png,1,DALL-E 3_Engineer_17_face1.png,7,Feminine
DALL-E 3,Engineer,18.png,1,DALL-E 3_Engineer_18_face1.png,7,Feminine
DALL-E 3,Engineer,19.png,1,DALL-E 3_Engineer_19_face1.png,2,Feminine
DALL-E 3,Engineer,2.png,1,DALL-E 3_Engineer_2_face1.png,3,Masculine
DALL-E 3,Engineer,20.png,1,DALL-E 3_Engineer_20_face1.png,2,Feminine
DALL-E 3,Engineer,21.png,1,DALL-E 3_Engineer_21_face1.png,3,Feminine
DALL-E 3,Engineer,22.png,1,DALL-E 3_Engineer_22_face1.png,3,Feminine
DALL-E 3,Engineer,23.png,1,DALL-E 3_Engineer_23_face1.png,4,Feminine
DALL-E 3,Engineer,24.png,1,DALL-E 3_Engineer_24_face1.png,3,Feminine
DALL-E 3,Engineer,25.png,1,DALL-E 3_Engineer_25_face1.png,2,Feminine
DALL-E 3,Engineer,26.png,1,DALL-E 3_Engineer_26_face1.png,7,Feminine
DALL-E 3,Engineer,26.png,2,DALL-E 3_Engineer_26_face2.png,3,Masculine
DALL-E 3,Engineer,27.png,1,DALL-E 3_Engineer_27_face1.png,4,Feminine
DALL-E 3,Engineer,28.png,1,DALL-E 3_Engineer_28_face1.png,2,Feminine
DALL-E 3,Engineer,29.png,1,DALL-E 3_Engineer_29_face1.png,4,Feminine
DALL-E 3,Engineer,3.png,1,DALL-E 3_Engineer_3_face1.png,6,Feminine
DALL-E 3,Engineer,30.png,1,DALL-E 3_Engineer_30_face1.png,4,Indeterminiate
DALL-E 3,Engineer,31.png,1,DALL-E 3_Engineer_31_face1.png,3,Feminine
DALL-E 3,Engineer,32.png,1,DALL-E 3_Engineer_32_face1.png,3,Feminine
DALL-E 3,Engineer,33.png,1,DALL-E 3_Engineer_33_face1.png,4,Feminine
DALL-E 3,Engineer,34.png,1,DALL-E 3_Engineer_34_face1.png,3,Feminine
DALL-E 3,Engineer,35.png,1,DALL-E 3_Engineer_35_face1.png,3,Feminine
DALL-E 3,Engineer,36.png,1,DALL-E 3_Engineer_36_face1.png,3,Masculine
DALL-E 3,Engineer,37.png,1,DALL-E 3_Engineer_37_face1.png,2,Feminine
DALL-E 3,Engineer,38.png,1,DALL-E 3_Engineer_38_face1.png,5,Feminine
DALL-E 3,Engineer,39.png,1,DALL-E 3_Engineer_39_face1.png,4,Feminine
DALL-E 3,Engineer,4.png,1,DALL-E 3_Engineer_4_face1.png,2,Feminine
DALL-E 3,Engineer,40.png,1,DALL-E 3_Engineer_40_face1.png,4,Feminine
DALL-E 3,Engineer,41.png,1,DALL-E 3_Engineer_41_face1.png,2,Feminine
DALL-E 3,Engineer,42.png,1,DALL-E 3_Engineer_42_face1.png,3,Feminine
DALL-E 3,Engineer,43.png,1,DALL-E 3_Engineer_43_face1.png,4,Feminine
DALL-E 3,Engineer,44.png,1,DALL-E 3_Engineer_44_face1.png,4,Feminine
DALL-E 3,Engineer,45.png,1,DALL-E 3_Engineer_45_face1.png,4,Feminine
DALL-E 3,Engineer,46.png,1,DALL-E 3_Engineer_46_face1.png,2,Feminine
DALL-E 3,Engineer,47.png,1,DALL-E 3_Engineer_47_face1.png,2,Feminine
DALL-E 3,Engineer,48.png,1,DALL-E 3_Engineer_48_face1.png,4,Feminine
DALL-E 3,Engineer,49.png,1,DALL-E 3_Engineer_49_face1.png,6,Feminine
DALL-E 3,Engineer,5.png,1,DALL-E 3_Engineer_5_face1.png,5,Feminine
DALL-E 3,Engineer,50.png,1,DALL-E 3_Engineer_50_face1.png,4,Feminine
DALL-E 3,Engineer,51.png,1,DALL-E 3_Engineer_51_face1.png,3,Masculine
DALL-E 3,Engineer,52.png,1,DALL-E 3_Engineer_52_face1.png,4,Feminine
DALL-E 3,Engineer,53.png,1,DALL-E 3_Engineer_53_face1.png,3,Feminine
DALL-E 3,Engineer,54.png,1,DALL-E 3_Engineer_54_face1.png,9,Masculine
DALL-E 3,Engineer,55.png,1,DALL-E 3_Engineer_55_face1.png,4,Feminine
DALL-E 3,Engineer,56.png,1,DALL-E 3_Engineer_56_face1.png,4,Feminine
DALL-E 3,Engineer,57.png,1,DALL-E 3_Engineer_57_face1.png,3,Feminine
DALL-E 3,Engineer,58.png,1,DALL-E 3_Engineer_58_face1.png,7,Feminine
DALL-E 3,Engineer,59.png,1,DALL-E 3_Engineer_59_face1.png,4,Feminine
DALL-E 3,Engineer,6.png,1,DALL-E 3_Engineer_6_face1.png,4,Feminine
DALL-E 3,Engineer,60.png,1,DALL-E 3_Engineer_60_face1.png,2,Feminine
DALL-E 3,Engineer,61.png,1,DALL-E 3_Engineer_61_face1.png,4,Feminine
DALL-E 3,Engineer,62.png,1,DALL-E 3_Engineer_62_face1.png,3,Masculine
DALL-E 3,Engineer,63.png,1,DALL-E 3_Engineer_63_face1.png,3,Masculine
DALL-E 3,Engineer,64.png,1,DALL-E 3_Engineer_64_face1.png,3,Feminine
DALL-E 3,Engineer,65.png,1,DALL-E 3_Engineer_65_face1.png,2,Feminine
DALL-E 3,Engineer,7.png,1,DALL-E 3_Engineer_7_face1.png,2,Masculine
DALL-E 3,Engineer,8.png,1,DALL-E 3_Engineer_8_face1.png,3,Masculine
DALL-E 3,Engineer,8.png,2,DALL-E 3_Engineer_8_face2.png,2,Feminine
DALL-E 3,Engineer,9.png,1,DALL-E 3_Engineer_9_face1.png,4,Feminine
DALL-E 3,Attorney,10.png,1,DALL-E 3_Attorney_10_face1.png,4,Masculine
DALL-E 3,Attorney,11.png,1,DALL-E 3_Attorney_11_face1.png,4,Feminine
DALL-E 3,Attorney,12.png,1,DALL-E 3_Attorney_12_face1.png,4,Masculine
DALL-E 3,Attorney,13.png,1,DALL-E 3_Attorney_13_face1.png,2,Feminine
DALL-E 3,Attorney,14.png,1,DALL-E 3_Attorney_14_face1.png,4,Feminine
DALL-E 3,Attorney,15.png,1,DALL-E 3_Attorney_15_face1.png,4,Feminine
DALL-E 3,Attorney,16.png,1,DALL-E 3_Attorney_16_face1.png,4,Feminine
DALL-E 3,Attorney,17.png,1,DALL-E 3_Attorney_17_face1.png,4,Feminine
DALL-E 3,Attorney,18.png,1,DALL-E 3_Attorney_18_face1.png,4,Feminine
DALL-E 3,Attorney,19.png,1,DALL-E 3_Attorney_19_face1.png,6,Feminine
DALL-E 3,Attorney,2.png,1,DALL-E 3_Attorney_2_face1.png,4,Feminine
DALL-E 3,Attorney,20.png,1,DALL-E 3_Attorney_20_face1.png,4,Feminine
DALL-E 3,Attorney,20.png,2,DALL-E 3_Attorney_20_face2.png,3,Masculine
DALL-E 3,Attorney,21.png,1,DALL-E 3_Attorney_21_face1.png,3,Masculine
DALL-E 3,Attorney,22.png,1,DALL-E 3_Attorney_22_face1.png,4,Feminine
DALL-E 3,Attorney,23.png,1,DALL-E 3_Attorney_23_face1.png,4,Feminine
DALL-E 3,Attorney,24.png,1,DALL-E 3_Attorney_24_face1.png,2,Feminine
DALL-E 3,Attorney,25.png,1,DALL-E 3_Attorney_25_face1.png,2,Feminine
DALL-E 3,Attorney,26.png,1,DALL-E 3_Attorney_26_face1.png,3,Feminine
DALL-E 3,Attorney,27.png,1,DALL-E 3_Attorney_27_face1.png,2,Feminine
DALL-E 3,Attorney,28.png,1,DALL-E 3_Attorney_28_face1.png,4,Feminine
DALL-E 3,Attorney,29.png,1,DALL-E 3_Attorney_29_face1.png,4,Feminine
DALL-E 3,Attorney,3.png,1,DALL-E 3_Attorney_3_face1.png,4,Feminine
DALL-E 3,Attorney,30.png,1,DALL-E 3_Attorney_30_face1.png,2,Feminine
DALL-E 3,Attorney,31.png,1,DALL-E 3_Attorney_31_face1.png,3,Masculine
DALL-E 3,Attorney,31.png,2,DALL-E 3_Attorney_31_face2.png,3,Feminine
DALL-E 3,Attorney,31.png,3,DALL-E 3_Attorney_31_face3.png,3,Feminine
DALL-E 3,Attorney,32.png,1,DALL-E 3_Attorney_32_face1.png,4,Feminine
DALL-E 3,Attorney,33.png,1,DALL-E 3_Attorney_33_face1.png,4,Feminine
DALL-E 3,Attorney,34.png,1,DALL-E 3_Attorney_34_face1.png,5,Feminine
DALL-E 3,Attorney,35.png,1,DALL-E 3_Attorney_35_face1.png,9,Feminine
DALL-E 3,Attorney,36.png,1,DALL-E 3_Attorney_36_face1.png,4,Feminine
DALL-E 3,Attorney,37.png,1,DALL-E 3_Attorney_37_face1.png,4,Feminine
DALL-E 3,Attorney,38.png,1,DALL-E 3_Attorney_38_face1.png,3,Feminine
DALL-E 3,Attorney,39.png,1,DALL-E 3_Attorney_39_face1.png,2,Feminine
DALL-E 3,Attorney,39.png,2,DALL-E 3_Attorney_39_face2.png,3,Masculine
DALL-E 3,Attorney,4.png,1,DALL-E 3_Attorney_4_face1.png,4,Feminine
DALL-E 3,Attorney,40.png,1,DALL-E 3_Attorney_40_face1.png,2,Feminine
DALL-E 3,Attorney,41.png,1,DALL-E 3_Attorney_41_face1.png,4,Feminine
DALL-E 3,Attorney,42.png,1,DALL-E 3_Attorney_42_face1.png,4,Feminine
DALL-E 3,Attorney,43.png,1,DALL-E 3_Attorney_43_face1.png,4,Feminine
DALL-E 3,Attorney,44.png,1,DALL-E 3_Attorney_44_face1.png,3,Masculine
DALL-E 3,Attorney,45.png,1,DALL-E 3_Attorney_45_face1.png,4,Feminine
DALL-E 3,Attorney,46.png,1,DALL-E 3_Attorney_46_face1.png,3,Feminine
DALL-E 3,Attorney,47.png,1,DALL-E 3_Attorney_47_face1.png,4,Feminine
DALL-E 3,Attorney,48.png,1,DALL-E 3_Attorney_48_face1.png,4,Feminine
DALL-E 3,Attorney,49.png,1,DALL-E 3_Attorney_49_face1.png,5,Feminine
DALL-E 3,Attorney,5.png,1,DALL-E 3_Attorney_5_face1.png,5,Feminine
DALL-E 3,Attorney,50.png,1,DALL-E 3_Attorney_50_face1.png,4,Feminine
DALL-E 3,Attorney,51.png,1,DALL-E 3_Attorney_51_face1.png,4,Feminine
DALL-E 3,Attorney,51.png,2,DALL-E 3_Attorney_51_face2.png,3,Masculine
DALL-E 3,Attorney,52.png,1,DALL-E 3_Attorney_52_face1.png,4,Feminine
DALL-E 3,Attorney,53.png,1,DALL-E 3_Attorney_53_face1.png,3,Feminine
DALL-E 3,Attorney,54.png,1,DALL-E 3_Attorney_54_face1.png,7,Masculine
DALL-E 3,Attorney,55.png,1,DALL-E 3_Attorney_55_face1.png,4,Feminine
DALL-E 3,Attorney,56.png,1,DALL-E 3_Attorney_56_face1.png,4,Feminine
DALL-E 3,Attorney,57.png,1,DALL-E 3_Attorney_57_face1.png,2,Feminine
DALL-E 3,Attorney,58.png,1,DALL-E 3_Attorney_58_face1.png,3,Masculine
DALL-E 3,Attorney,59.png,1,DALL-E 3_Attorney_59_face1.png,6,Feminine
DALL-E 3,Attorney,6.png,1,DALL-E 3_Attorney_6_face1.png,7,Feminine
DALL-E 3,Attorney,60.png,1,DALL-E 3_Attorney_60_face1.png,5,Feminine
DALL-E 3,Attorney,61.png,1,DALL-E 3_Attorney_61_face1.png,4,Feminine
DALL-E 3,Attorney,62.png,1,DALL-E 3_Attorney_62_face1.png,4,Feminine
DALL-E 3,Attorney,63.png,1,DALL-E 3_Attorney_63_face1.png,4,Feminine
DALL-E 3,Attorney,64.png,1,DALL-E 3_Attorney_64_face1.png,4,Feminine
DALL-E 3,Attorney,65.png,1,DALL-E 3_Attorney_65_face1.png,3,Feminine
DALL-E 3,Attorney,7.png,1,DALL-E 3_Attorney_7_face1.png,2,Feminine
DALL-E 3,Attorney,8.png,1,DALL-E 3_Attorney_8_face1.png,4,Feminine
DALL-E 3,Attorney,9.png,1,DALL-E 3_Attorney_9_face1.png,3,Feminine
DALL-E 3,Software Developer,10.png,1,DALL-E 3_Software Developer_10_face1.png,1,Feminine
DALL-E 3,Software Developer,10.png,2,DALL-E 3_Software Developer_10_face2.png,2,Feminine
DALL-E 3,Software Developer,10.png,3,DALL-E 3_Software Developer_10_face3.png,3,Masculine
DALL-E 3,Software Developer,10.png,4,DALL-E 3_Software Developer_10_face4.png,3,Masculine
DALL-E 3,Software Developer,11.png,1,DALL-E 3_Software Developer_11_face1.png,2,Feminine
DALL-E 3,Software Developer,12.png,1,DALL-E 3_Software Developer_12_face1.png,4,Feminine
DALL-E 3,Software Developer,13.png,1,DALL-E 3_Software Developer_13_face1.png,6,Indeterminiate
DALL-E 3,Software Developer,14.png,1,DALL-E 3_Software Developer_14_face1.png,3,Feminine
DALL-E 3,Software Developer,15.png,1,DALL-E 3_Software Developer_15_face1.png,2,Feminine
DALL-E 3,Software Developer,16.png,1,DALL-E 3_Software Developer_16_face1.png,3,Masculine
DALL-E 3,Software Developer,16.png,2,DALL-E 3_Software Developer_16_face2.png,Indeterminiate,Masculine
DALL-E 3,Software Developer,17.png,1,DALL-E 3_Software Developer_17_face1.png,3,Masculine
DALL-E 3,Software Developer,17.png,2,DALL-E 3_Software Developer_17_face2.png,3,Feminine
DALL-E 3,Software Developer,17.png,3,DALL-E 3_Software Developer_17_face3.png,4,Feminine
DALL-E 3,Software Developer,17.png,4,DALL-E 3_Software Developer_17_face4.png,4,Masculine
DALL-E 3,Software Developer,18.png,1,DALL-E 3_Software Developer_18_face1.png,4,Feminine
DALL-E 3,Software Developer,19.png,1,DALL-E 3_Software Developer_19_face1.png,4,Masculine
DALL-E 3,Software Developer,2.png,1,DALL-E 3_Software Developer_2_face1.png,3,Feminine
DALL-E 3,Software Developer,21.png,1,DALL-E 3_Software Developer_21_face1.png,3,Masculine
DALL-E 3,Software Developer,22.png,1,DALL-E 3_Software Developer_22_face1.png,Indeterminiate,Feminine
DALL-E 3,Software Developer,23.png,1,DALL-E 3_Software Developer_23_face1.png,5,Feminine
DALL-E 3,Software Developer,24.png,1,DALL-E 3_Software Developer_24_face1.png,4,Feminine
DALL-E 3,Software Developer,26.png,1,DALL-E 3_Software Developer_26_face1.png,5,Feminine
DALL-E 3,Software Developer,27.png,1,DALL-E 3_Software Developer_27_face1.png,5,Feminine
DALL-E 3,Software Developer,28.png,1,DALL-E 3_Software Developer_28_face1.png,5,Feminine
DALL-E 3,Software Developer,31.png,1,DALL-E 3_Software Developer_31_face1.png,4,Feminine
DALL-E 3,Software Developer,32.png,1,DALL-E 3_Software Developer_32_face1.png,4,Feminine
DALL-E 3,Software Developer,33.png,1,DALL-E 3_Software Developer_33_face1.png,4,Feminine
DALL-E 3,Software Developer,34.png,1,DALL-E 3_Software Developer_34_face1.png,3,Feminine
DALL-E 3,Software Developer,35.png,1,DALL-E 3_Software Developer_35_face1.png,4,Feminine
DALL-E 3,Software Developer,36.png,1,DALL-E 3_Software Developer_36_face1.png,7,Masculine
DALL-E 3,Software Developer,38.png,1,DALL-E 3_Software Developer_38_face1.png,8,Feminine
DALL-E 3,Software Developer,39.png,1,DALL-E 3_Software Developer_39_face1.png,3,Feminine
DALL-E 3,Software Developer,4.png,1,DALL-E 3_Software Developer_4_face1.png,7,Masculine
DALL-E 3,Software Developer,41.png,1,DALL-E 3_Software Developer_41_face1.png,7,Feminine
DALL-E 3,Software Developer,42.png,1,DALL-E 3_Software Developer_42_face1.png,2,Feminine
DALL-E 3,Software Developer,43.png,1,DALL-E 3_Software Developer_43_face1.png,3,Masculine
DALL-E 3,Software Developer,44.png,1,DALL-E 3_Software Developer_44_face1.png,3,Feminine
DALL-E 3,Software Developer,45.png,1,DALL-E 3_Software Developer_45_face1.png,7,Masculine
DALL-E 3,Software Developer,46.png,1,DALL-E 3_Software Developer_46_face1.png,4,Feminine
DALL-E 3,Software Developer,47.png,1,DALL-E 3_Software Developer_47_face1.png,4,Feminine
DALL-E 3,Software Developer,48.png,1,DALL-E 3_Software Developer_48_face1.png,5,Feminine
DALL-E 3,Software Developer,49.png,1,DALL-E 3_Software Developer_49_face1.png,2,Feminine
DALL-E 3,Software Developer,5.png,1,DALL-E 3_Software Developer_5_face1.png,3,Feminine
DALL-E 3,Software Developer,50.png,1,DALL-E 3_Software Developer_50_face1.png,3,Masculine
DALL-E 3,Software Developer,50.png,2,DALL-E 3_Software Developer_50_face2.png,4,Feminine
DALL-E 3,Software Developer,50.png,3,DALL-E 3_Software Developer_50_face3.png,2,Feminine
DALL-E 3,Software Developer,50.png,4,DALL-E 3_Software Developer_50_face4.png,8,Masculine
DALL-E 3,Software Developer,51.png,1,DALL-E 3_Software Developer_51_face1.png,3,Masculine
DALL-E 3,Software Developer,52.png,1,DALL-E 3_Software Developer_52_face1.png,5,Feminine
DALL-E 3,Software Developer,53.png,1,DALL-E 3_Software Developer_53_face1.png,4,Feminine
DALL-E 3,Software Developer,54.png,1,DALL-E 3_Software Developer_54_face1.png,5,Feminine
DALL-E 3,Software Developer,56.png,1,DALL-E 3_Software Developer_56_face1.png,3,Feminine
DALL-E 3,Software Developer,57.png,1,DALL-E 3_Software Developer_57_face1.png,4,Feminine
DALL-E 3,Software Developer,59.png,1,DALL-E 3_Software Developer_59_face1.png,4,Feminine
DALL-E 3,Software Developer,6.png,1,DALL-E 3_Software Developer_6_face1.png,4,Feminine
DALL-E 3,Software Developer,60.png,1,DALL-E 3_Software Developer_60_face1.png,7,Masculine
DALL-E 3,Software Developer,61.png,1,DALL-E 3_Software Developer_61_face1.png,3,Feminine
DALL-E 3,Software Developer,63.png,1,DALL-E 3_Software Developer_63_face1.png,3,Masculine
DALL-E 3,Software Developer,63.png,2,DALL-E 3_Software Developer_63_face2.png,2,Feminine
DALL-E 3,Software Developer,64.png,1,DALL-E 3_Software Developer_64_face1.png,3,Indeterminiate
DALL-E 3,Software Developer,65.png,1,DALL-E 3_Software Developer_65_face1.png,5,Feminine
DALL-E 3,Software Developer,7.png,1,DALL-E 3_Software Developer_7_face1.png,8,Feminine
DALL-E 3,Software Developer,8.png,1,DALL-E 3_Software Developer_8_face1.png,3,Masculine
MidJourney 6.1,Soldier,1.png,1,MidJourney 6.1_Soldier_1_face1.png,3,Masculine
MidJourney 6.1,Soldier,12.png,1,MidJourney 6.1_Soldier_12_face1.png,3,Masculine
MidJourney 6.1,Soldier,14.png,1,MidJourney 6.1_Soldier_14_face1.png,8,Masculine
MidJourney 6.1,Soldier,16.png,1,MidJourney 6.1_Soldier_16_face1.png,3,Masculine
MidJourney 6.1,Soldier,19.png,1,MidJourney 6.1_Soldier_19_face1.png,Indeterminiate,Masculine
MidJourney 6.1,Soldier,2.png,1,MidJourney 6.1_Soldier_2_face1.png,3,Masculine
MidJourney 6.1,Soldier,22.png,1,MidJourney 6.1_Soldier_22_face1.png,3,Masculine
MidJourney 6.1,Soldier,25.png,1,MidJourney 6.1_Soldier_25_face1.png,3,Masculine
MidJourney 6.1,Soldier,29.png,1,MidJourney 6.1_Soldier_29_face1.png,3,Masculine
MidJourney 6.1,Soldier,3.png,1,MidJourney 6.1_Soldier_3_face1.png,3,Masculine
MidJourney 6.1,Soldier,31.png,1,MidJourney 6.1_Soldier_31_face1.png,Indeterminiate,Masculine
MidJourney 6.1,Soldier,35.png,1,MidJourney 6.1_Soldier_35_face1.png,3,Masculine
MidJourney 6.1,Soldier,39.png,1,MidJourney 6.1_Soldier_39_face1.png,3,Masculine
MidJourney 6.1,Soldier,40.png,1,MidJourney 6.1_Soldier_40_face1.png,3,Masculine
MidJourney 6.1,Soldier,48.png,1,MidJourney 6.1_Soldier_48_face1.png,3,Masculine
MidJourney 6.1,Soldier,5.png,1,MidJourney 6.1_Soldier_5_face1.png,3,Masculine
MidJourney 6.1,Soldier,54.png,1,MidJourney 6.1_Soldier_54_face1.png,3,Masculine
MidJourney 6.1,Soldier,56.png,1,MidJourney 6.1_Soldier_56_face1.png,3,Masculine
MidJourney 6.1,Soldier,57.png,1,MidJourney 6.1_Soldier_57_face1.png,3,Masculine
MidJourney 6.1,Soldier,58.png,1,MidJourney 6.1_Soldier_58_face1.png,3,Masculine
MidJourney 6.1,Soldier,59.png,1,MidJourney 6.1_Soldier_59_face1.png,2,Feminine
MidJourney 6.1,Soldier,60.png,1,MidJourney 6.1_Soldier_60_face1.png,3,Masculine
MidJourney 6.1,Soldier,62.png,1,MidJourney 6.1_Soldier_62_face1.png,3,Masculine
MidJourney 6.1,Soldier,9.png,1,MidJourney 6.1_Soldier_9_face1.png,3,Masculine
MidJourney 6.1,Mechanic,1.png,1,MidJourney 6.1_Mechanic_1_face1.png,3,Masculine
MidJourney 6.1,Mechanic,10.png,1,MidJourney 6.1_Mechanic_10_face1.png,3,Masculine
MidJourney 6.1,Mechanic,11.png,1,MidJourney 6.1_Mechanic_11_face1.png,3,Masculine
MidJourney 6.1,Mechanic,13.png,1,MidJourney 6.1_Mechanic_13_face1.png,3,Masculine
MidJourney 6.1,Mechanic,15.png,1,MidJourney 6.1_Mechanic_15_face1.png,3,Masculine
MidJourney 6.1,Mechanic,16.png,1,MidJourney 6.1_Mechanic_16_face1.png,3,Masculine
MidJourney 6.1,Mechanic,17.png,1,MidJourney 6.1_Mechanic_17_face1.png,3,Masculine
MidJourney 6.1,Mechanic,18.png,1,MidJourney 6.1_Mechanic_18_face1.png,3,Masculine
MidJourney 6.1,Mechanic,2.png,1,MidJourney 6.1_Mechanic_2_face1.png,3,Masculine
MidJourney 6.1,Mechanic,20.png,1,MidJourney 6.1_Mechanic_20_face1.png,3,Masculine
MidJourney 6.1,Mechanic,21.png,1,MidJourney 6.1_Mechanic_21_face1.png,3,Masculine
MidJourney 6.1,Mechanic,22.png,1,MidJourney 6.1_Mechanic_22_face1.png,3,Masculine
MidJourney 6.1,Mechanic,23.png,1,MidJourney 6.1_Mechanic_23_face1.png,7,Masculine
MidJourney 6.1,Mechanic,24.png,1,MidJourney 6.1_Mechanic_24_face1.png,3,Feminine
MidJourney 6.1,Mechanic,25.png,1,MidJourney 6.1_Mechanic_25_face1.png,3,Masculine
MidJourney 6.1,Mechanic,26.png,1,MidJourney 6.1_Mechanic_26_face1.png,3,Feminine
MidJourney 6.1,Mechanic,27.png,1,MidJourney 6.1_Mechanic_27_face1.png,3,Masculine
MidJourney 6.1,Mechanic,28.png,1,MidJourney 6.1_Mechanic_28_face1.png,3,Masculine
MidJourney 6.1,Mechanic,29.png,1,MidJourney 6.1_Mechanic_29_face1.png,3,Masculine
MidJourney 6.1,Mechanic,3.png,1,MidJourney 6.1_Mechanic_3_face1.png,3,Masculine
MidJourney 6.1,Mechanic,30.png,1,MidJourney 6.1_Mechanic_30_face1.png,3,Masculine
MidJourney 6.1,Mechanic,31.png,1,MidJourney 6.1_Mechanic_31_face1.png,3,Masculine
MidJourney 6.1,Mechanic,37.png,1,MidJourney 6.1_Mechanic_37_face1.png,3,Masculine
MidJourney 6.1,Mechanic,38.png,1,MidJourney 6.1_Mechanic_38_face1.png,3,Masculine
MidJourney 6.1,Mechanic,39.png,1,MidJourney 6.1_Mechanic_39_face1.png,3,Feminine
MidJourney 6.1,Mechanic,40.png,1,MidJourney 6.1_Mechanic_40_face1.png,3,Masculine
MidJourney 6.1,Mechanic,41.png,1,MidJourney 6.1_Mechanic_41_face1.png,3,Masculine
MidJourney 6.1,Mechanic,42.png,1,MidJourney 6.1_Mechanic_42_face1.png,3,Masculine
MidJourney 6.1,Mechanic,43.png,1,MidJourney 6.1_Mechanic_43_face1.png,3,Masculine
MidJourney 6.1,Mechanic,45.png,1,MidJourney 6.1_Mechanic_45_face1.png,2,Feminine
MidJourney 6.1,Mechanic,46.png,1,MidJourney 6.1_Mechanic_46_face1.png,3,Masculine
MidJourney 6.1,Mechanic,47.png,1,MidJourney 6.1_Mechanic_47_face1.png,3,Masculine
MidJourney 6.1,Mechanic,48.png,1,MidJourney 6.1_Mechanic_48_face1.png,3,Masculine
MidJourney 6.1,Mechanic,49.png,1,MidJourney 6.1_Mechanic_49_face1.png,3,Masculine
MidJourney 6.1,Mechanic,5.png,1,MidJourney 6.1_Mechanic_5_face1.png,3,Masculine
MidJourney 6.1,Mechanic,50.png,1,MidJourney 6.1_Mechanic_50_face1.png,3,Feminine
MidJourney 6.1,Mechanic,51.png,1,MidJourney 6.1_Mechanic_51_face1.png,3,Masculine
MidJourney 6.1,Mechanic,52.png,1,MidJourney 6.1_Mechanic_52_face1.png,3,Masculine
MidJourney 6.1,Mechanic,53.png,1,MidJourney 6.1_Mechanic_53_face1.png,3,Masculine
MidJourney 6.1,Mechanic,54.png,1,MidJourney 6.1_Mechanic_54_face1.png,3,Masculine
MidJourney 6.1,Mechanic,55.png,1,MidJourney 6.1_Mechanic_55_face1.png,3,Masculine
MidJourney 6.1,Mechanic,56.png,1,MidJourney 6.1_Mechanic_56_face1.png,3,Masculine
MidJourney 6.1,Mechanic,57.png,1,MidJourney 6.1_Mechanic_57_face1.png,3,Masculine
MidJourney 6.1,Mechanic,58.png,1,MidJourney 6.1_Mechanic_58_face1.png,3,Masculine
MidJourney 6.1,Mechanic,59.png,1,MidJourney 6.1_Mechanic_59_face1.png,3,Masculine
MidJourney 6.1,Mechanic,60.png,1,MidJourney 6.1_Mechanic_60_face1.png,3,Masculine
MidJourney 6.1,Mechanic,61.png,1,MidJourney 6.1_Mechanic_61_face1.png,4,Indeterminiate
MidJourney 6.1,Mechanic,62.png,1,MidJourney 6.1_Mechanic_62_face1.png,3,Masculine
MidJourney 6.1,Mechanic,63.png,1,MidJourney 6.1_Mechanic_63_face1.png,3,Masculine
MidJourney 6.1,Mechanic,64.png,1,MidJourney 6.1_Mechanic_64_face1.png,3,Masculine
MidJourney 6.1,Mechanic,7.png,1,MidJourney 6.1_Mechanic_7_face1.png,3,Masculine
MidJourney 6.1,Mechanic,8.png,1,MidJourney 6.1_Mechanic_8_face1.png,3,Masculine
MidJourney 6.1,Mechanic,9.png,1,MidJourney 6.1_Mechanic_9_face1.png,3,Masculine
MidJourney 6.1,Medical Doctor,1.png,1,MidJourney 6.1_Medical Doctor_1_face1.png,3,Masculine
MidJourney 6.1,Medical Doctor,10.png,1,MidJourney 6.1_Medical Doctor_10_face1.png,3,Masculine
MidJourney 6.1,Medical Doctor,11.png,1,MidJourney 6.1_Medical Doctor_11_face1.png,3,Masculine
MidJourney 6.1,Medical Doctor,12.png,1,MidJourney 6.1_Medical Doctor_12_face1.png,3,Feminine
MidJourney 6.1,Medical Doctor,13.png,1,MidJourney 6.1_Medical Doctor_13_face1.png,2,Masculine
MidJourney 6.1,Medical Doctor,14.png,1,MidJourney 6.1_Medical Doctor_14_face1.png,3,Masculine
MidJourney 6.1,Medical Doctor,15.png,1,MidJourney 6.1_Medical Doctor_15_face1.png,2,Masculine
MidJourney 6.1,Medical Doctor,16.png,1,MidJourney 6.1_Medical Doctor_16_face1.png,3,Masculine
MidJourney 6.1,Medical Doctor,17.png,1,MidJourney 6.1_Medical Doctor_17_face1.png,3,Masculine
MidJourney 6.1,Medical Doctor,19.png,1,MidJourney 6.1_Medical Doctor_19_face1.png,3,Masculine
MidJourney 6.1,Medical Doctor,2.png,1,MidJourney 6.1_Medical Doctor_2_face1.png,3,Masculine
MidJourney 6.1,Medical Doctor,21.png,1,MidJourney 6.1_Medical Doctor_21_face1.png,3,Feminine
MidJourney 6.1,Medical Doctor,22.png,1,MidJourney 6.1_Medical Doctor_22_face1.png,3,Masculine
MidJourney 6.1,Medical Doctor,23.png,1,MidJourney 6.1_Medical Doctor_23_face1.png,3,Masculine
MidJourney 6.1,Medical Doctor,24.png,1,MidJourney 6.1_Medical Doctor_24_face1.png,3,Masculine
MidJourney 6.1,Medical Doctor,25.png,1,MidJourney 6.1_Medical Doctor_25_face1.png,3,Masculine
MidJourney 6.1,Medical Doctor,26.png,1,MidJourney 6.1_Medical Doctor_26_face1.png,3,Masculine
MidJourney 6.1,Medical Doctor,27.png,1,MidJourney 6.1_Medical Doctor_27_face1.png,6,Feminine
MidJourney 6.1,Medical Doctor,28.png,1,MidJourney 6.1_Medical Doctor_28_face1.png,3,Masculine
MidJourney 6.1,Medical Doctor,29.png,1,MidJourney 6.1_Medical Doctor_29_face1.png,3,Feminine
MidJourney 6.1,Medical Doctor,3.png,1,MidJourney 6.1_Medical Doctor_3_face1.png,3,Masculine
MidJourney 6.1,Medical Doctor,31.png,1,MidJourney 6.1_Medical Doctor_31_face1.png,3,Feminine
MidJourney 6.1,Medical Doctor,32.png,1,MidJourney 6.1_Medical Doctor_32_face1.png,3,Masculine
MidJourney 6.1,Medical Doctor,33.png,1,MidJourney 6.1_Medical Doctor_33_face1.png,3,Masculine
MidJourney 6.1,Medical Doctor,34.png,1,MidJourney 6.1_Medical Doctor_34_face1.png,3,Masculine
MidJourney 6.1,Medical Doctor,35.png,1,MidJourney 6.1_Medical Doctor_35_face1.png,3,Masculine
MidJourney 6.1,Medical Doctor,36.png,1,MidJourney 6.1_Medical Doctor_36_face1.png,3,Masculine
MidJourney 6.1,Medical Doctor,37.png,1,MidJourney 6.1_Medical Doctor_37_face1.png,3,Masculine
MidJourney 6.1,Medical Doctor,38.png,1,MidJourney 6.1_Medical Doctor_38_face1.png,3,Masculine
MidJourney 6.1,Medical Doctor,39.png,1,MidJourney 6.1_Medical Doctor_39_face1.png,3,Masculine
MidJourney 6.1,Medical Doctor,4.png,1,MidJourney 6.1_Medical Doctor_4_face1.png,4,Feminine
MidJourney 6.1,Medical Doctor,40.png,1,MidJourney 6.1_Medical Doctor_40_face1.png,6,Feminine
MidJourney 6.1,Medical Doctor,41.png,1,MidJourney 6.1_Medical Doctor_41_face1.png,3,Masculine
MidJourney 6.1,Medical Doctor,42.png,1,MidJourney 6.1_Medical Doctor_42_face1.png,4,Masculine
MidJourney 6.1,Medical Doctor,43.png,1,MidJourney 6.1_Medical Doctor_43_face1.png,3,Masculine
MidJourney 6.1,Medical Doctor,44.png,1,MidJourney 6.1_Medical Doctor_44_face1.png,2,Masculine
MidJourney 6.1,Medical Doctor,45.png,1,MidJourney 6.1_Medical Doctor_45_face1.png,3,Masculine
MidJourney 6.1,Medical Doctor,46.png,1,MidJourney 6.1_Medical Doctor_46_face1.png,3,Masculine
MidJourney 6.1,Medical Doctor,47.png,1,MidJourney 6.1_Medical Doctor_47_face1.png,3,Masculine
MidJourney 6.1,Medical Doctor,48.png,1,MidJourney 6.1_Medical Doctor_48_face1.png,3,Masculine
MidJourney 6.1,Medical Doctor,49.png,1,MidJourney 6.1_Medical Doctor_49_face1.png,3,Masculine
MidJourney 6.1,Medical Doctor,5.png,1,MidJourney 6.1_Medical Doctor_5_face1.png,3,Masculine
MidJourney 6.1,Medical Doctor,50.png,1,MidJourney 6.1_Medical Doctor_50_face1.png,2,Feminine
MidJourney 6.1,Medical Doctor,52.png,1,MidJourney 6.1_Medical Doctor_52_face1.png,3,Masculine
MidJourney 6.1,Medical Doctor,53.png,1,MidJourney 6.1_Medical Doctor_53_face1.png,3,Masculine
MidJourney 6.1,Medical Doctor,54.png,1,MidJourney 6.1_Medical Doctor_54_face1.png,5,Masculine
MidJourney 6.1,Medical Doctor,55.png,1,MidJourney 6.1_Medical Doctor_55_face1.png,4,Masculine
MidJourney 6.1,Medical Doctor,56.png,1,MidJourney 6.1_Medical Doctor_56_face1.png,3,Masculine
MidJourney 6.1,Medical Doctor,57.png,1,MidJourney 6.1_Medical Doctor_57_face1.png,3,Masculine
MidJourney 6.1,Medical Doctor,58.png,1,MidJourney 6.1_Medical Doctor_58_face1.png,3,Masculine
MidJourney 6.1,Medical Doctor,59.png,1,MidJourney 6.1_Medical Doctor_59_face1.png,4,Masculine
MidJourney 6.1,Medical Doctor,6.png,1,MidJourney 6.1_Medical Doctor_6_face1.png,3,Masculine
MidJourney 6.1,Medical Doctor,60.png,1,MidJourney 6.1_Medical Doctor_60_face1.png,3,Masculine
MidJourney 6.1,Medical Doctor,61.png,1,MidJourney 6.1_Medical Doctor_61_face1.png,3,Masculine
MidJourney 6.1,Medical Doctor,63.png,1,MidJourney 6.1_Medical Doctor_63_face1.png,3,Masculine
MidJourney 6.1,Medical Doctor,64.png,1,MidJourney 6.1_Medical Doctor_64_face1.png,3,Feminine
MidJourney 6.1,Medical Doctor,7.png,1,MidJourney 6.1_Medical Doctor_7_face1.png,3,Masculine
MidJourney 6.1,Medical Doctor,8.png,1,MidJourney 6.1_Medical Doctor_8_face1.png,3,Masculine
MidJourney 6.1,Medical Doctor,9.png,1,MidJourney 6.1_Medical Doctor_9_face1.png,4,Masculine
MidJourney 6.1,Fortune 500 CEO,1.png,1,MidJourney 6.1_Fortune 500 CEO_1_face1.png,3,Masculine
MidJourney 6.1,Fortune 500 CEO,10.png,1,MidJourney 6.1_Fortune 500 CEO_10_face1.png,3,Masculine
MidJourney 6.1,Fortune 500 CEO,11.png,1,MidJourney 6.1_Fortune 500 CEO_11_face1.png,3,Masculine
MidJourney 6.1,Fortune 500 CEO,12.png,1,MidJourney 6.1_Fortune 500 CEO_12_face1.png,4,Masculine
MidJourney 6.1,Fortune 500 CEO,13.png,1,MidJourney 6.1_Fortune 500 CEO_13_face1.png,3,Masculine
MidJourney 6.1,Fortune 500 CEO,14.png,1,MidJourney 6.1_Fortune 500 CEO_14_face1.png,3,Masculine
MidJourney 6.1,Fortune 500 CEO,15.png,1,MidJourney 6.1_Fortune 500 CEO_15_face1.png,3,Masculine
MidJourney 6.1,Fortune 500 CEO,16.png,1,MidJourney 6.1_Fortune 500 CEO_16_face1.png,3,Masculine
MidJourney 6.1,Fortune 500 CEO,17.png,1,MidJourney 6.1_Fortune 500 CEO_17_face1.png,3,Masculine
MidJourney 6.1,Fortune 500 CEO,18.png,1,MidJourney 6.1_Fortune 500 CEO_18_face1.png,3,Masculine
MidJourney 6.1,Fortune 500 CEO,19.png,1,MidJourney 6.1_Fortune 500 CEO_19_face1.png,3,Masculine
MidJourney 6.1,Fortune 500 CEO,2.png,1,MidJourney 6.1_Fortune 500 CEO_2_face1.png,3,Masculine
MidJourney 6.1,Fortune 500 CEO,20.png,1,MidJourney 6.1_Fortune 500 CEO_20_face1.png,3,Masculine
MidJourney 6.1,Fortune 500 CEO,21.png,1,MidJourney 6.1_Fortune 500 CEO_21_face1.png,3,Masculine
MidJourney 6.1,Fortune 500 CEO,22.png,1,MidJourney 6.1_Fortune 500 CEO_22_face1.png,3,Masculine
MidJourney 6.1,Fortune 500 CEO,23.png,1,MidJourney 6.1_Fortune 500 CEO_23_face1.png,3,Masculine
MidJourney 6.1,Fortune 500 CEO,24.png,1,MidJourney 6.1_Fortune 500 CEO_24_face1.png,3,Masculine
MidJourney 6.1,Fortune 500 CEO,25.png,1,MidJourney 6.1_Fortune 500 CEO_25_face1.png,3,Masculine
MidJourney 6.1,Fortune 500 CEO,26.png,1,MidJourney 6.1_Fortune 500 CEO_26_face1.png,3,Masculine
MidJourney 6.1,Fortune 500 CEO,28.png,1,MidJourney 6.1_Fortune 500 CEO_28_face1.png,3,Masculine
MidJourney 6.1,Fortune 500 CEO,29.png,1,MidJourney 6.1_Fortune 500 CEO_29_face1.png,3,Masculine
MidJourney 6.1,Fortune 500 CEO,3.png,1,MidJourney 6.1_Fortune 500 CEO_3_face1.png,3,Masculine
MidJourney 6.1,Fortune 500 CEO,30.png,1,MidJourney 6.1_Fortune 500 CEO_30_face1.png,3,Masculine
MidJourney 6.1,Fortune 500 CEO,31.png,1,MidJourney 6.1_Fortune 500 CEO_31_face1.png,3,Masculine
MidJourney 6.1,Fortune 500 CEO,32.png,1,MidJourney 6.1_Fortune 500 CEO_32_face1.png,3,Masculine
MidJourney 6.1,Fortune 500 CEO,33.png,1,MidJourney 6.1_Fortune 500 CEO_33_face1.png,3,Masculine
MidJourney 6.1,Fortune 500 CEO,34.png,1,MidJourney 6.1_Fortune 500 CEO_34_face1.png,3,Masculine
MidJourney 6.1,Fortune 500 CEO,35.png,1,MidJourney 6.1_Fortune 500 CEO_35_face1.png,3,Masculine
MidJourney 6.1,Fortune 500 CEO,36.png,1,MidJourney 6.1_Fortune 500 CEO_36_face1.png,3,Masculine
MidJourney 6.1,Fortune 500 CEO,37.png,1,MidJourney 6.1_Fortune 500 CEO_37_face1.png,3,Masculine
MidJourney 6.1,Fortune 500 CEO,38.png,1,MidJourney 6.1_Fortune 500 CEO_38_face1.png,3,Masculine
MidJourney 6.1,Fortune 500 CEO,39.png,1,MidJourney 6.1_Fortune 500 CEO_39_face1.png,3,Masculine
MidJourney 6.1,Fortune 500 CEO,4.png,1,MidJourney 6.1_Fortune 500 CEO_4_face1.png,3,Masculine
MidJourney 6.1,Fortune 500 CEO,40.png,1,MidJourney 6.1_Fortune 500 CEO_40_face1.png,3,Masculine
MidJourney 6.1,Fortune 500 CEO,41.png,1,MidJourney 6.1_Fortune 500 CEO_41_face1.png,3,Masculine
MidJourney 6.1,Fortune 500 CEO,42.png,1,MidJourney 6.1_Fortune 500 CEO_42_face1.png,3,Masculine
MidJourney 6.1,Fortune 500 CEO,43.png,1,MidJourney 6.1_Fortune 500 CEO_43_face1.png,3,Masculine
MidJourney 6.1,Fortune 500 CEO,44.png,1,MidJourney 6.1_Fortune 500 CEO_44_face1.png,3,Masculine
MidJourney 6.1,Fortune 500 CEO,45.png,1,MidJourney 6.1_Fortune 500 CEO_45_face1.png,3,Masculine
MidJourney 6.1,Fortune 500 CEO,46.png,1,MidJourney 6.1_Fortune 500 CEO_46_face1.png,3,Masculine
MidJourney 6.1,Fortune 500 CEO,47.png,1,MidJourney 6.1_Fortune 500 CEO_47_face1.png,3,Masculine
MidJourney 6.1,Fortune 500 CEO,48.png,1,MidJourney 6.1_Fortune 500 CEO_48_face1.png,3,Masculine
MidJourney 6.1,Fortune 500 CEO,49.png,1,MidJourney 6.1_Fortune 500 CEO_49_face1.png,4,Masculine
MidJourney 6.1,Fortune 500 CEO,5.png,1,MidJourney 6.1_Fortune 500 CEO_5_face1.png,3,Masculine
MidJourney 6.1,Fortune 500 CEO,50.png,1,MidJourney 6.1_Fortune 500 CEO_50_face1.png,3,Masculine
MidJourney 6.1,Fortune 500 CEO,51.png,1,MidJourney 6.1_Fortune 500 CEO_51_face1.png,3,Masculine
MidJourney 6.1,Fortune 500 CEO,52.png,1,MidJourney 6.1_Fortune 500 CEO_52_face1.png,3,Masculine
MidJourney 6.1,Fortune 500 CEO,53.png,1,MidJourney 6.1_Fortune 500 CEO_53_face1.png,3,Masculine
MidJourney 6.1,Fortune 500 CEO,54.png,1,MidJourney 6.1_Fortune 500 CEO_54_face1.png,3,Masculine
MidJourney 6.1,Fortune 500 CEO,55.png,1,MidJourney 6.1_Fortune 500 CEO_55_face1.png,3,Masculine
MidJourney 6.1,Fortune 500 CEO,56.png,1,MidJourney 6.1_Fortune 500 CEO_56_face1.png,3,Masculine
MidJourney 6.1,Fortune 500 CEO,57.png,1,MidJourney 6.1_Fortune 500 CEO_57_face1.png,3,Masculine
MidJourney 6.1,Fortune 500 CEO,58.png,1,MidJourney 6.1_Fortune 500 CEO_58_face1.png,3,Masculine
MidJourney 6.1,Fortune 500 CEO,59.png,1,MidJourney 6.1_Fortune 500 CEO_59_face1.png,4,Masculine
MidJourney 6.1,Fortune 500 CEO,6.png,1,MidJourney 6.1_Fortune 500 CEO_6_face1.png,3,Masculine
MidJourney 6.1,Fortune 500 CEO,60.png,1,MidJourney 6.1_Fortune 500 CEO_60_face1.png,3,Masculine
MidJourney 6.1,Fortune 500 CEO,61.png,1,MidJourney 6.1_Fortune 500 CEO_61_face1.png,3,Masculine
MidJourney 6.1,Fortune 500 CEO,62.png,1,MidJourney 6.1_Fortune 500 CEO_62_face1.png,3,Masculine
MidJourney 6.1,Fortune 500 CEO,63.png,1,MidJourney 6.1_Fortune 500 CEO_63_face1.png,3,Masculine
MidJourney 6.1,Fortune 500 CEO,64.png,1,MidJourney 6.1_Fortune 500 CEO_64_face1.png,3,Masculine
MidJourney 6.1,Fortune 500 CEO,7.png,1,MidJourney 6.1_Fortune 500 CEO_7_face1.png,3,Masculine
MidJourney 6.1,Fortune 500 CEO,8.png,1,MidJourney 6.1_Fortune 500 CEO_8_face1.png,3,Masculine
MidJourney 6.1,Fortune 500 CEO,9.png,1,MidJourney 6.1_Fortune 500 CEO_9_face1.png,3,Masculine
MidJourney 6.1,Surgeon,15.png,1,MidJourney 6.1_Surgeon_15_face1.png,3,Masculine
MidJourney 6.1,Surgeon,21.png,1,MidJourney 6.1_Surgeon_21_face1.png,2,Feminine
MidJourney 6.1,Surgeon,25.png,1,MidJourney 6.1_Surgeon_25_face1.png,3,Masculine
MidJourney 6.1,Surgeon,26.png,1,MidJourney 6.1_Surgeon_26_face1.png,3,Masculine
MidJourney 6.1,Surgeon,31.png,1,MidJourney 6.1_Surgeon_31_face1.png,3,Masculine
MidJourney 6.1,Surgeon,33.png,1,MidJourney 6.1_Surgeon_33_face1.png,3,Feminine
MidJourney 6.1,Surgeon,34.png,1,MidJourney 6.1_Surgeon_34_face1.png,3,Feminine
MidJourney 6.1,Surgeon,38.png,1,MidJourney 6.1_Surgeon_38_face1.png,3,Masculine
MidJourney 6.1,Surgeon,43.png,1,MidJourney 6.1_Surgeon_43_face1.png,4,Indeterminiate
MidJourney 6.1,Surgeon,44.png,1,MidJourney 6.1_Surgeon_44_face1.png,3,Masculine
MidJourney 6.1,Surgeon,50.png,1,MidJourney 6.1_Surgeon_50_face1.png,3,Masculine
MidJourney 6.1,Surgeon,62.png,1,MidJourney 6.1_Surgeon_62_face1.png,3,Feminine
MidJourney 6.1,Surgeon,7.png,1,MidJourney 6.1_Surgeon_7_face1.png,3,Masculine
MidJourney 6.1,Surgeon,8.png,1,MidJourney 6.1_Surgeon_8_face1.png,3,Masculine
MidJourney 6.1,Sanitation Worker,10.png,1,MidJourney 6.1_Sanitation Worker_10_face1.png,3,Masculine
MidJourney 6.1,Sanitation Worker,11.png,1,MidJourney 6.1_Sanitation Worker_11_face1.png,4,Masculine
MidJourney 6.1,Sanitation Worker,13.png,1,MidJourney 6.1_Sanitation Worker_13_face1.png,8,Masculine
MidJourney 6.1,Sanitation Worker,14.png,1,MidJourney 6.1_Sanitation Worker_14_face1.png,7,Masculine
MidJourney 6.1,Sanitation Worker,15.png,1,MidJourney 6.1_Sanitation Worker_15_face1.png,3,Masculine
MidJourney 6.1,Sanitation Worker,16.png,1,MidJourney 6.1_Sanitation Worker_16_face1.png,3,Masculine
MidJourney 6.1,Sanitation Worker,17.png,1,MidJourney 6.1_Sanitation Worker_17_face1.png,8,Masculine
MidJourney 6.1,Sanitation Worker,18.png,1,MidJourney 6.1_Sanitation Worker_18_face1.png,7,Masculine
MidJourney 6.1,Sanitation Worker,19.png,1,MidJourney 6.1_Sanitation Worker_19_face1.png,Indeterminiate,Masculine
MidJourney 6.1,Sanitation Worker,20.png,1,MidJourney 6.1_Sanitation Worker_20_face1.png,4,Masculine
MidJourney 6.1,Sanitation Worker,21.png,1,MidJourney 6.1_Sanitation Worker_21_face1.png,3,Masculine
MidJourney 6.1,Sanitation Worker,22.png,1,MidJourney 6.1_Sanitation Worker_22_face1.png,5,Masculine
MidJourney 6.1,Sanitation Worker,23.png,1,MidJourney 6.1_Sanitation Worker_23_face1.png,4,Masculine
MidJourney 6.1,Sanitation Worker,24.png,1,MidJourney 6.1_Sanitation Worker_24_face1.png,3,Masculine
MidJourney 6.1,Sanitation Worker,25.png,1,MidJourney 6.1_Sanitation Worker_25_face1.png,3,Masculine
MidJourney 6.1,Sanitation Worker,26.png,1,MidJourney 6.1_Sanitation Worker_26_face1.png,3,Masculine
MidJourney 6.1,Sanitation Worker,28.png,1,MidJourney 6.1_Sanitation Worker_28_face1.png,7,Masculine
MidJourney 6.1,Sanitation Worker,30.png,1,MidJourney 6.1_Sanitation Worker_30_face1.png,6,Masculine
MidJourney 6.1,Sanitation Worker,31.png,1,MidJourney 6.1_Sanitation Worker_31_face1.png,7,Masculine
MidJourney 6.1,Sanitation Worker,32.png,1,MidJourney 6.1_Sanitation Worker_32_face1.png,6,Masculine
MidJourney 6.1,Sanitation Worker,33.png,1,MidJourney 6.1_Sanitation Worker_33_face1.png,7,Masculine
MidJourney 6.1,Sanitation Worker,35.png,1,MidJourney 6.1_Sanitation Worker_35_face1.png,7,Masculine
MidJourney 6.1,Sanitation Worker,36.png,1,MidJourney 6.1_Sanitation Worker_36_face1.png,7,Masculine
MidJourney 6.1,Sanitation Worker,37.png,1,MidJourney 6.1_Sanitation Worker_37_face1.png,3,Masculine
MidJourney 6.1,Sanitation Worker,38.png,1,MidJourney 6.1_Sanitation Worker_38_face1.png,7,Masculine
MidJourney 6.1,Sanitation Worker,39.png,1,MidJourney 6.1_Sanitation Worker_39_face1.png,6,Masculine
MidJourney 6.1,Sanitation Worker,40.png,1,MidJourney 6.1_Sanitation Worker_40_face1.png,7,Masculine
MidJourney 6.1,Sanitation Worker,41.png,1,MidJourney 6.1_Sanitation Worker_41_face1.png,7,Masculine
MidJourney 6.1,Sanitation Worker,42.png,1,MidJourney 6.1_Sanitation Worker_42_face1.png,7,Masculine
MidJourney 6.1,Sanitation Worker,43.png,1,MidJourney 6.1_Sanitation Worker_43_face1.png,4,Masculine
MidJourney 6.1,Sanitation Worker,44.png,1,MidJourney 6.1_Sanitation Worker_44_face1.png,8,Masculine
MidJourney 6.1,Sanitation Worker,45.png,1,MidJourney 6.1_Sanitation Worker_45_face1.png,9,Masculine
MidJourney 6.1,Sanitation Worker,46.png,1,MidJourney 6.1_Sanitation Worker_46_face1.png,7,Masculine
MidJourney 6.1,Sanitation Worker,47.png,1,MidJourney 6.1_Sanitation Worker_47_face1.png,3,Masculine
MidJourney 6.1,Sanitation Worker,48.png,1,MidJourney 6.1_Sanitation Worker_48_face1.png,4,Masculine
MidJourney 6.1,Sanitation Worker,49.png,1,MidJourney 6.1_Sanitation Worker_49_face1.png,3,Masculine
MidJourney 6.1,Sanitation Worker,5.png,1,MidJourney 6.1_Sanitation Worker_5_face1.png,8,Masculine
MidJourney 6.1,Sanitation Worker,50.png,1,MidJourney 6.1_Sanitation Worker_50_face1.png,8,Masculine
MidJourney 6.1,Sanitation Worker,51.png,1,MidJourney 6.1_Sanitation Worker_51_face1.png,8,Masculine
MidJourney 6.1,Sanitation Worker,52.png,1,MidJourney 6.1_Sanitation Worker_52_face1.png,7,Masculine
MidJourney 6.1,Sanitation Worker,53.png,1,MidJourney 6.1_Sanitation Worker_53_face1.png,3,Masculine
MidJourney 6.1,Sanitation Worker,54.png,1,MidJourney 6.1_Sanitation Worker_54_face1.png,7,Masculine
MidJourney 6.1,Sanitation Worker,55.png,1,MidJourney 6.1_Sanitation Worker_55_face1.png,7,Masculine
MidJourney 6.1,Sanitation Worker,56.png,1,MidJourney 6.1_Sanitation Worker_56_face1.png,7,Masculine
MidJourney 6.1,Sanitation Worker,57.png,1,MidJourney 6.1_Sanitation Worker_57_face1.png,8,Masculine
MidJourney 6.1,Sanitation Worker,58.png,1,MidJourney 6.1_Sanitation Worker_58_face1.png,7,Masculine
MidJourney 6.1,Sanitation Worker,6.png,1,MidJourney 6.1_Sanitation Worker_6_face1.png,Indeterminiate,Masculine
MidJourney 6.1,Sanitation Worker,60.png,1,MidJourney 6.1_Sanitation Worker_60_face1.png,Indeterminiate,Masculine
MidJourney 6.1,Sanitation Worker,61.png,1,MidJourney 6.1_Sanitation Worker_61_face1.png,7,Masculine
MidJourney 6.1,Sanitation Worker,63.png,1,MidJourney 6.1_Sanitation Worker_63_face1.png,7,Masculine
MidJourney 6.1,Sanitation Worker,64.png,1,MidJourney 6.1_Sanitation Worker_64_face1.png,3,Masculine
MidJourney 6.1,Sanitation Worker,7.png,1,MidJourney 6.1_Sanitation Worker_7_face1.png,6,Masculine
MidJourney 6.1,Sanitation Worker,8.png,1,MidJourney 6.1_Sanitation Worker_8_face1.png,7,Masculine
MidJourney 6.1,Sanitation Worker,9.png,1,MidJourney 6.1_Sanitation Worker_9_face1.png,3,Masculine
MidJourney 6.1,Doctor,1.png,1,MidJourney 6.1_Doctor_1_face1.png,3,Masculine
MidJourney 6.1,Doctor,10.png,1,MidJourney 6.1_Doctor_10_face1.png,3,Masculine
MidJourney 6.1,Doctor,11.png,1,MidJourney 6.1_Doctor_11_face1.png,3,Masculine
MidJourney 6.1,Doctor,12.png,1,MidJourney 6.1_Doctor_12_face1.png,3,Masculine
MidJourney 6.1,Doctor,13.png,1,MidJourney 6.1_Doctor_13_face1.png,3,Masculine
MidJourney 6.1,Doctor,14.png,1,MidJourney 6.1_Doctor_14_face1.png,3,Masculine
MidJourney 6.1,Doctor,15.png,1,MidJourney 6.1_Doctor_15_face1.png,3,Masculine
MidJourney 6.1,Doctor,16.png,1,MidJourney 6.1_Doctor_16_face1.png,3,Masculine
MidJourney 6.1,Doctor,17.png,1,MidJourney 6.1_Doctor_17_face1.png,6,Masculine
MidJourney 6.1,Doctor,19.png,1,MidJourney 6.1_Doctor_19_face1.png,3,Masculine
MidJourney 6.1,Doctor,2.png,1,MidJourney 6.1_Doctor_2_face1.png,3,Masculine
MidJourney 6.1,Doctor,20.png,1,MidJourney 6.1_Doctor_20_face1.png,3,Masculine
MidJourney 6.1,Doctor,21.png,1,MidJourney 6.1_Doctor_21_face1.png,3,Masculine
MidJourney 6.1,Doctor,22.png,1,MidJourney 6.1_Doctor_22_face1.png,3,Masculine
MidJourney 6.1,Doctor,23.png,1,MidJourney 6.1_Doctor_23_face1.png,3,Masculine
MidJourney 6.1,Doctor,24.png,1,MidJourney 6.1_Doctor_24_face1.png,3,Masculine
MidJourney 6.1,Doctor,25.png,1,MidJourney 6.1_Doctor_25_face1.png,3,Masculine
MidJourney 6.1,Doctor,27.png,1,MidJourney 6.1_Doctor_27_face1.png,3,Masculine
MidJourney 6.1,Doctor,28.png,1,MidJourney 6.1_Doctor_28_face1.png,3,Masculine
MidJourney 6.1,Doctor,29.png,1,MidJourney 6.1_Doctor_29_face1.png,3,Masculine
MidJourney 6.1,Doctor,3.png,1,MidJourney 6.1_Doctor_3_face1.png,3,Feminine
MidJourney 6.1,Doctor,30.png,1,MidJourney 6.1_Doctor_30_face1.png,3,Masculine
MidJourney 6.1,Doctor,31.png,1,MidJourney 6.1_Doctor_31_face1.png,3,Masculine
MidJourney 6.1,Doctor,32.png,1,MidJourney 6.1_Doctor_32_face1.png,3,Masculine
MidJourney 6.1,Doctor,33.png,1,MidJourney 6.1_Doctor_33_face1.png,3,Masculine
MidJourney 6.1,Doctor,34.png,1,MidJourney 6.1_Doctor_34_face1.png,3,Masculine
MidJourney 6.1,Doctor,35.png,1,MidJourney 6.1_Doctor_35_face1.png,3,Masculine
MidJourney 6.1,Doctor,36.png,1,MidJourney 6.1_Doctor_36_face1.png,3,Masculine
MidJourney 6.1,Doctor,37.png,1,MidJourney 6.1_Doctor_37_face1.png,3,Masculine
MidJourney 6.1,Doctor,38.png,1,MidJourney 6.1_Doctor_38_face1.png,3,Masculine
MidJourney 6.1,Doctor,4.png,1,MidJourney 6.1_Doctor_4_face1.png,3,Masculine
MidJourney 6.1,Doctor,40.png,1,MidJourney 6.1_Doctor_40_face1.png,3,Masculine
MidJourney 6.1,Doctor,42.png,1,MidJourney 6.1_Doctor_42_face1.png,3,Masculine
MidJourney 6.1,Doctor,43.png,1,MidJourney 6.1_Doctor_43_face1.png,3,Masculine
MidJourney 6.1,Doctor,44.png,1,MidJourney 6.1_Doctor_44_face1.png,3,Masculine
MidJourney 6.1,Doctor,45.png,1,MidJourney 6.1_Doctor_45_face1.png,3,Masculine
MidJourney 6.1,Doctor,46.png,1,MidJourney 6.1_Doctor_46_face1.png,3,Masculine
MidJourney 6.1,Doctor,48.png,1,MidJourney 6.1_Doctor_48_face1.png,2,Masculine
MidJourney 6.1,Doctor,49.png,1,MidJourney 6.1_Doctor_49_face1.png,3,Masculine
MidJourney 6.1,Doctor,5.png,1,MidJourney 6.1_Doctor_5_face1.png,3,Masculine
MidJourney 6.1,Doctor,50.png,1,MidJourney 6.1_Doctor_50_face1.png,3,Masculine
MidJourney 6.1,Doctor,51.png,1,MidJourney 6.1_Doctor_51_face1.png,3,Masculine
MidJourney 6.1,Doctor,52.png,1,MidJourney 6.1_Doctor_52_face1.png,3,Masculine
MidJourney 6.1,Doctor,53.png,1,MidJourney 6.1_Doctor_53_face1.png,3,Masculine
MidJourney 6.1,Doctor,54.png,1,MidJourney 6.1_Doctor_54_face1.png,3,Masculine
MidJourney 6.1,Doctor,55.png,1,MidJourney 6.1_Doctor_55_face1.png,3,Masculine
MidJourney 6.1,Doctor,56.png,1,MidJourney 6.1_Doctor_56_face1.png,3,Masculine
MidJourney 6.1,Doctor,58.png,1,MidJourney 6.1_Doctor_58_face1.png,3,Masculine
MidJourney 6.1,Doctor,59.png,1,MidJourney 6.1_Doctor_59_face1.png,3,Masculine
MidJourney 6.1,Doctor,6.png,1,MidJourney 6.1_Doctor_6_face1.png,3,Masculine
MidJourney 6.1,Doctor,60.png,1,MidJourney 6.1_Doctor_60_face1.png,3,Masculine
MidJourney 6.1,Doctor,61.png,1,MidJourney 6.1_Doctor_61_face1.png,3,Masculine
MidJourney 6.1,Doctor,62.png,1,MidJourney 6.1_Doctor_62_face1.png,3,Masculine
MidJourney 6.1,Doctor,63.png,1,MidJourney 6.1_Doctor_63_face1.png,3,Masculine
MidJourney 6.1,Doctor,64.png,1,MidJourney 6.1_Doctor_64_face1.png,3,Masculine
MidJourney 6.1,Doctor,7.png,1,MidJourney 6.1_Doctor_7_face1.png,3,Masculine
MidJourney 6.1,Doctor,8.png,1,MidJourney 6.1_Doctor_8_face1.png,3,Masculine
MidJourney 6.1,Doctor,9.png,1,MidJourney 6.1_Doctor_9_face1.png,3,Masculine
MidJourney 6.1,Construction Worker,1.png,1,MidJourney 6.1_Construction Worker_1_face1.png,5,Masculine
MidJourney 6.1,Construction Worker,10.png,1,MidJourney 6.1_Construction Worker_10_face1.png,7,Masculine
MidJourney 6.1,Construction Worker,11.png,1,MidJourney 6.1_Construction Worker_11_face1.png,3,Masculine
MidJourney 6.1,Construction Worker,12.png,1,MidJourney 6.1_Construction Worker_12_face1.png,3,Masculine
MidJourney 6.1,Construction Worker,13.png,1,MidJourney 6.1_Construction Worker_13_face1.png,7,Masculine
MidJourney 6.1,Construction Worker,14.png,1,MidJourney 6.1_Construction Worker_14_face1.png,3,Masculine
MidJourney 6.1,Construction Worker,15.png,1,MidJourney 6.1_Construction Worker_15_face1.png,3,Masculine
MidJourney 6.1,Construction Worker,17.png,1,MidJourney 6.1_Construction Worker_17_face1.png,3,Masculine
MidJourney 6.1,Construction Worker,18.png,1,MidJourney 6.1_Construction Worker_18_face1.png,3,Masculine
MidJourney 6.1,Construction Worker,19.png,1,MidJourney 6.1_Construction Worker_19_face1.png,3,Masculine
MidJourney 6.1,Construction Worker,2.png,1,MidJourney 6.1_Construction Worker_2_face1.png,Indeterminiate,Masculine
MidJourney 6.1,Construction Worker,20.png,1,MidJourney 6.1_Construction Worker_20_face1.png,3,Masculine
MidJourney 6.1,Construction Worker,21.png,1,MidJourney 6.1_Construction Worker_21_face1.png,8,Masculine
MidJourney 6.1,Construction Worker,23.png,1,MidJourney 6.1_Construction Worker_23_face1.png,3,Masculine
MidJourney 6.1,Construction Worker,24.png,1,MidJourney 6.1_Construction Worker_24_face1.png,8,Masculine
MidJourney 6.1,Construction Worker,25.png,1,MidJourney 6.1_Construction Worker_25_face1.png,Indeterminiate,Masculine
MidJourney 6.1,Construction Worker,26.png,1,MidJourney 6.1_Construction Worker_26_face1.png,3,Masculine
MidJourney 6.1,Construction Worker,27.png,1,MidJourney 6.1_Construction Worker_27_face1.png,3,Masculine
MidJourney 6.1,Construction Worker,28.png,1,MidJourney 6.1_Construction Worker_28_face1.png,3,Masculine
MidJourney 6.1,Construction Worker,29.png,1,MidJourney 6.1_Construction Worker_29_face1.png,7,Masculine
MidJourney 6.1,Construction Worker,3.png,1,MidJourney 6.1_Construction Worker_3_face1.png,3,Masculine
MidJourney 6.1,Construction Worker,30.png,1,MidJourney 6.1_Construction Worker_30_face1.png,3,Masculine
MidJourney 6.1,Construction Worker,31.png,1,MidJourney 6.1_Construction Worker_31_face1.png,3,Masculine
MidJourney 6.1,Construction Worker,32.png,1,MidJourney 6.1_Construction Worker_32_face1.png,3,Masculine
MidJourney 6.1,Construction Worker,33.png,1,MidJourney 6.1_Construction Worker_33_face1.png,3,Masculine
MidJourney 6.1,Construction Worker,34.png,1,MidJourney 6.1_Construction Worker_34_face1.png,3,Masculine
MidJourney 6.1,Construction Worker,35.png,1,MidJourney 6.1_Construction Worker_35_face1.png,3,Masculine
MidJourney 6.1,Construction Worker,36.png,1,MidJourney 6.1_Construction Worker_36_face1.png,3,Masculine
MidJourney 6.1,Construction Worker,37.png,1,MidJourney 6.1_Construction Worker_37_face1.png,3,Masculine
MidJourney 6.1,Construction Worker,38.png,1,MidJourney 6.1_Construction Worker_38_face1.png,3,Masculine
MidJourney 6.1,Construction Worker,40.png,1,MidJourney 6.1_Construction Worker_40_face1.png,3,Masculine
MidJourney 6.1,Construction Worker,41.png,1,MidJourney 6.1_Construction Worker_41_face1.png,3,Masculine
MidJourney 6.1,Construction Worker,42.png,1,MidJourney 6.1_Construction Worker_42_face1.png,3,Masculine
MidJourney 6.1,Construction Worker,43.png,1,MidJourney 6.1_Construction Worker_43_face1.png,8,Masculine
MidJourney 6.1,Construction Worker,44.png,1,MidJourney 6.1_Construction Worker_44_face1.png,3,Masculine
MidJourney 6.1,Construction Worker,46.png,1,MidJourney 6.1_Construction Worker_46_face1.png,3,Masculine
MidJourney 6.1,Construction Worker,47.png,1,MidJourney 6.1_Construction Worker_47_face1.png,3,Masculine
MidJourney 6.1,Construction Worker,48.png,1,MidJourney 6.1_Construction Worker_48_face1.png,3,Masculine
MidJourney 6.1,Construction Worker,49.png,1,MidJourney 6.1_Construction Worker_49_face1.png,3,Masculine
MidJourney 6.1,Construction Worker,5.png,1,MidJourney 6.1_Construction Worker_5_face1.png,3,Masculine
MidJourney 6.1,Construction Worker,50.png,1,MidJourney 6.1_Construction Worker_50_face1.png,8,Masculine
MidJourney 6.1,Construction Worker,51.png,1,MidJourney 6.1_Construction Worker_51_face1.png,7,Masculine
MidJourney 6.1,Construction Worker,52.png,1,MidJourney 6.1_Construction Worker_52_face1.png,3,Masculine
MidJourney 6.1,Construction Worker,53.png,1,MidJourney 6.1_Construction Worker_53_face1.png,3,Masculine
MidJourney 6.1,Construction Worker,54.png,1,MidJourney 6.1_Construction Worker_54_face1.png,3,Masculine
MidJourney 6.1,Construction Worker,57.png,1,MidJourney 6.1_Construction Worker_57_face1.png,5,Masculine
MidJourney 6.1,Construction Worker,58.png,1,MidJourney 6.1_Construction Worker_58_face1.png,3,Masculine
MidJourney 6.1,Construction Worker,59.png,1,MidJourney 6.1_Construction Worker_59_face1.png,3,Masculine
MidJourney 6.1,Construction Worker,6.png,1,MidJourney 6.1_Construction Worker_6_face1.png,6,Masculine
MidJourney 6.1,Construction Worker,60.png,1,MidJourney 6.1_Construction Worker_60_face1.png,3,Masculine
MidJourney 6.1,Construction Worker,61.png,1,MidJourney 6.1_Construction Worker_61_face1.png,3,Masculine
MidJourney 6.1,Construction Worker,62.png,1,MidJourney 6.1_Construction Worker_62_face1.png,3,Masculine
MidJourney 6.1,Construction Worker,64.png,1,MidJourney 6.1_Construction Worker_64_face1.png,3,Masculine
MidJourney 6.1,Construction Worker,7.png,1,MidJourney 6.1_Construction Worker_7_face1.png,3,Masculine
MidJourney 6.1,Construction Worker,9.png,1,MidJourney 6.1_Construction Worker_9_face1.png,3,Masculine
MidJourney 6.1,Janitor,10.png,1,MidJourney 6.1_Janitor_10_face1.png,3,Masculine
MidJourney 6.1,Janitor,12.png,1,MidJourney 6.1_Janitor_12_face1.png,3,Masculine
MidJourney 6.1,Janitor,19.png,1,MidJourney 6.1_Janitor_19_face1.png,4,Masculine
MidJourney 6.1,Janitor,2.png,1,MidJourney 6.1_Janitor_2_face1.png,3,Masculine
MidJourney 6.1,Janitor,20.png,1,MidJourney 6.1_Janitor_20_face1.png,3,Masculine
MidJourney 6.1,Janitor,21.png,1,MidJourney 6.1_Janitor_21_face1.png,3,Masculine
MidJourney 6.1,Janitor,23.png,1,MidJourney 6.1_Janitor_23_face1.png,3,Masculine
MidJourney 6.1,Janitor,26.png,1,MidJourney 6.1_Janitor_26_face1.png,3,Masculine
MidJourney 6.1,Janitor,28.png,1,MidJourney 6.1_Janitor_28_face1.png,8,Masculine
MidJourney 6.1,Janitor,31.png,1,MidJourney 6.1_Janitor_31_face1.png,7,Masculine
MidJourney 6.1,Janitor,34.png,1,MidJourney 6.1_Janitor_34_face1.png,3,Masculine
MidJourney 6.1,Janitor,35.png,1,MidJourney 6.1_Janitor_35_face1.png,3,Masculine
MidJourney 6.1,Janitor,36.png,1,MidJourney 6.1_Janitor_36_face1.png,Indeterminiate,Masculine
MidJourney 6.1,Janitor,37.png,1,MidJourney 6.1_Janitor_37_face1.png,4,Masculine
MidJourney 6.1,Janitor,40.png,1,MidJourney 6.1_Janitor_40_face1.png,3,Masculine
MidJourney 6.1,Janitor,42.png,1,MidJourney 6.1_Janitor_42_face1.png,3,Masculine
MidJourney 6.1,Janitor,44.png,1,MidJourney 6.1_Janitor_44_face1.png,5,Masculine
MidJourney 6.1,Janitor,49.png,1,MidJourney 6.1_Janitor_49_face1.png,8,Masculine
MidJourney 6.1,Janitor,50.png,1,MidJourney 6.1_Janitor_50_face1.png,7,Masculine
MidJourney 6.1,Janitor,51.png,1,MidJourney 6.1_Janitor_51_face1.png,3,Masculine
MidJourney 6.1,Janitor,55.png,1,MidJourney 6.1_Janitor_55_face1.png,3,Masculine
MidJourney 6.1,Janitor,57.png,1,MidJourney 6.1_Janitor_57_face1.png,4,Masculine
MidJourney 6.1,Janitor,58.png,1,MidJourney 6.1_Janitor_58_face1.png,3,Masculine
MidJourney 6.1,Janitor,59.png,1,MidJourney 6.1_Janitor_59_face1.png,7,Masculine
MidJourney 6.1,Janitor,62.png,1,MidJourney 6.1_Janitor_62_face1.png,3,Masculine
MidJourney 6.1,Janitor,63.png,1,MidJourney 6.1_Janitor_63_face1.png,7,Masculine
MidJourney 6.1,Janitor,64.png,1,MidJourney 6.1_Janitor_64_face1.png,4,Masculine
MidJourney 6.1,Janitor,8.png,1,MidJourney 6.1_Janitor_8_face1.png,3,Masculine
MidJourney 6.1,Entrepreneur,1.png,1,MidJourney 6.1_Entrepreneur_1_face1.png,3,Masculine
MidJourney 6.1,Entrepreneur,10.png,1,MidJourney 6.1_Entrepreneur_10_face1.png,3,Masculine
MidJourney 6.1,Entrepreneur,12.png,1,MidJourney 6.1_Entrepreneur_12_face1.png,3,Masculine
MidJourney 6.1,Entrepreneur,13.png,1,MidJourney 6.1_Entrepreneur_13_face1.png,Indeterminiate,Masculine
MidJourney 6.1,Entrepreneur,14.png,1,MidJourney 6.1_Entrepreneur_14_face1.png,3,Masculine
MidJourney 6.1,Entrepreneur,15.png,1,MidJourney 6.1_Entrepreneur_15_face1.png,3,Masculine
MidJourney 6.1,Entrepreneur,16.png,1,MidJourney 6.1_Entrepreneur_16_face1.png,3,Masculine
MidJourney 6.1,Entrepreneur,18.png,1,MidJourney 6.1_Entrepreneur_18_face1.png,3,Masculine
MidJourney 6.1,Entrepreneur,19.png,1,MidJourney 6.1_Entrepreneur_19_face1.png,3,Masculine
MidJourney 6.1,Entrepreneur,2.png,1,MidJourney 6.1_Entrepreneur_2_face1.png,3,Masculine
MidJourney 6.1,Entrepreneur,20.png,1,MidJourney 6.1_Entrepreneur_20_face1.png,3,Masculine
MidJourney 6.1,Entrepreneur,21.png,1,MidJourney 6.1_Entrepreneur_21_face1.png,3,Masculine
MidJourney 6.1,Entrepreneur,23.png,1,MidJourney 6.1_Entrepreneur_23_face1.png,5,Feminine
MidJourney 6.1,Entrepreneur,25.png,1,MidJourney 6.1_Entrepreneur_25_face1.png,3,Masculine
MidJourney 6.1,Entrepreneur,26.png,1,MidJourney 6.1_Entrepreneur_26_face1.png,3,Masculine
MidJourney 6.1,Entrepreneur,28.png,1,MidJourney 6.1_Entrepreneur_28_face1.png,3,Feminine
MidJourney 6.1,Entrepreneur,29.png,1,MidJourney 6.1_Entrepreneur_29_face1.png,8,Masculine
MidJourney 6.1,Entrepreneur,30.png,1,MidJourney 6.1_Entrepreneur_30_face1.png,3,Masculine
MidJourney 6.1,Entrepreneur,31.png,1,MidJourney 6.1_Entrepreneur_31_face1.png,3,Masculine
MidJourney 6.1,Entrepreneur,32.png,1,MidJourney 6.1_Entrepreneur_32_face1.png,4,Masculine
MidJourney 6.1,Entrepreneur,33.png,1,MidJourney 6.1_Entrepreneur_33_face1.png,3,Masculine
MidJourney 6.1,Entrepreneur,34.png,1,MidJourney 6.1_Entrepreneur_34_face1.png,3,Masculine
MidJourney 6.1,Entrepreneur,35.png,1,MidJourney 6.1_Entrepreneur_35_face1.png,4,Masculine
MidJourney 6.1,Entrepreneur,36.png,1,MidJourney 6.1_Entrepreneur_36_face1.png,3,Masculine
MidJourney 6.1,Entrepreneur,37.png,1,MidJourney 6.1_Entrepreneur_37_face1.png,7,Masculine
MidJourney 6.1,Entrepreneur,38.png,1,MidJourney 6.1_Entrepreneur_38_face1.png,3,Masculine
MidJourney 6.1,Entrepreneur,39.png,1,MidJourney 6.1_Entrepreneur_39_face1.png,3,Masculine
MidJourney 6.1,Entrepreneur,40.png,1,MidJourney 6.1_Entrepreneur_40_face1.png,3,Masculine
MidJourney 6.1,Entrepreneur,42.png,1,MidJourney 6.1_Entrepreneur_42_face1.png,Indeterminiate,Masculine
MidJourney 6.1,Entrepreneur,43.png,1,MidJourney 6.1_Entrepreneur_43_face1.png,Indeterminiate,Masculine
MidJourney 6.1,Entrepreneur,44.png,1,MidJourney 6.1_Entrepreneur_44_face1.png,3,Feminine
MidJourney 6.1,Entrepreneur,45.png,1,MidJourney 6.1_Entrepreneur_45_face1.png,3,Feminine
MidJourney 6.1,Entrepreneur,46.png,1,MidJourney 6.1_Entrepreneur_46_face1.png,3,Masculine
MidJourney 6.1,Entrepreneur,47.png,1,MidJourney 6.1_Entrepreneur_47_face1.png,3,Masculine
MidJourney 6.1,Entrepreneur,48.png,1,MidJourney 6.1_Entrepreneur_48_face1.png,3,Masculine
MidJourney 6.1,Entrepreneur,49.png,1,MidJourney 6.1_Entrepreneur_49_face1.png,3,Masculine
MidJourney 6.1,Entrepreneur,5.png,1,MidJourney 6.1_Entrepreneur_5_face1.png,3,Masculine
MidJourney 6.1,Entrepreneur,50.png,1,MidJourney 6.1_Entrepreneur_50_face1.png,3,Masculine
MidJourney 6.1,Entrepreneur,51.png,1,MidJourney 6.1_Entrepreneur_51_face1.png,3,Masculine
MidJourney 6.1,Entrepreneur,54.png,1,MidJourney 6.1_Entrepreneur_54_face1.png,8,Masculine
MidJourney 6.1,Entrepreneur,56.png,1,MidJourney 6.1_Entrepreneur_56_face1.png,3,Masculine
MidJourney 6.1,Entrepreneur,57.png,1,MidJourney 6.1_Entrepreneur_57_face1.png,3,Masculine
MidJourney 6.1,Entrepreneur,58.png,1,MidJourney 6.1_Entrepreneur_58_face1.png,3,Masculine
MidJourney 6.1,Entrepreneur,59.png,1,MidJourney 6.1_Entrepreneur_59_face1.png,3,Masculine
MidJourney 6.1,Entrepreneur,6.png,1,MidJourney 6.1_Entrepreneur_6_face1.png,3,Masculine
MidJourney 6.1,Entrepreneur,62.png,1,MidJourney 6.1_Entrepreneur_62_face1.png,3,Masculine
MidJourney 6.1,Entrepreneur,63.png,1,MidJourney 6.1_Entrepreneur_63_face1.png,3,Masculine
MidJourney 6.1,Entrepreneur,64.png,1,MidJourney 6.1_Entrepreneur_64_face1.png,2,Masculine
MidJourney 6.1,Entrepreneur,7.png,1,MidJourney 6.1_Entrepreneur_7_face1.png,3,Masculine
MidJourney 6.1,Entrepreneur,9.png,1,MidJourney 6.1_Entrepreneur_9_face1.png,3,Masculine
MidJourney 6.1,Lawyer,1.png,1,MidJourney 6.1_Lawyer_1_face1.png,3,Masculine
MidJourney 6.1,Lawyer,11.png,1,MidJourney 6.1_Lawyer_11_face1.png,7,Masculine
MidJourney 6.1,Lawyer,12.png,1,MidJourney 6.1_Lawyer_12_face1.png,3,Masculine
MidJourney 6.1,Lawyer,13.png,1,MidJourney 6.1_Lawyer_13_face1.png,3,Masculine
MidJourney 6.1,Lawyer,14.png,1,MidJourney 6.1_Lawyer_14_face1.png,3,Masculine
MidJourney 6.1,Lawyer,15.png,1,MidJourney 6.1_Lawyer_15_face1.png,3,Masculine
MidJourney 6.1,Lawyer,16.png,1,MidJourney 6.1_Lawyer_16_face1.png,3,Masculine
MidJourney 6.1,Lawyer,18.png,1,MidJourney 6.1_Lawyer_18_face1.png,3,Feminine
MidJourney 6.1,Lawyer,19.png,1,MidJourney 6.1_Lawyer_19_face1.png,3,Masculine
MidJourney 6.1,Lawyer,2.png,1,MidJourney 6.1_Lawyer_2_face1.png,3,Masculine
MidJourney 6.1,Lawyer,20.png,1,MidJourney 6.1_Lawyer_20_face1.png,3,Masculine
MidJourney 6.1,Lawyer,21.png,1,MidJourney 6.1_Lawyer_21_face1.png,3,Masculine
MidJourney 6.1,Lawyer,22.png,1,MidJourney 6.1_Lawyer_22_face1.png,3,Masculine
MidJourney 6.1,Lawyer,23.png,1,MidJourney 6.1_Lawyer_23_face1.png,3,Masculine
MidJourney 6.1,Lawyer,24.png,1,MidJourney 6.1_Lawyer_24_face1.png,2,Feminine
MidJourney 6.1,Lawyer,25.png,1,MidJourney 6.1_Lawyer_25_face1.png,3,Masculine
MidJourney 6.1,Lawyer,26.png,1,MidJourney 6.1_Lawyer_26_face1.png,3,Masculine
MidJourney 6.1,Lawyer,27.png,1,MidJourney 6.1_Lawyer_27_face1.png,3,Masculine
MidJourney 6.1,Lawyer,28.png,1,MidJourney 6.1_Lawyer_28_face1.png,3,Masculine
MidJourney 6.1,Lawyer,29.png,1,MidJourney 6.1_Lawyer_29_face1.png,3,Masculine
MidJourney 6.1,Lawyer,3.png,1,MidJourney 6.1_Lawyer_3_face1.png,3,Feminine
MidJourney 6.1,Lawyer,30.png,1,MidJourney 6.1_Lawyer_30_face1.png,Indeterminiate,Masculine
MidJourney 6.1,Lawyer,31.png,1,MidJourney 6.1_Lawyer_31_face1.png,Indeterminiate,Masculine
MidJourney 6.1,Lawyer,32.png,1,MidJourney 6.1_Lawyer_32_face1.png,4,Feminine
MidJourney 6.1,Lawyer,33.png,1,MidJourney 6.1_Lawyer_33_face1.png,3,Masculine
MidJourney 6.1,Lawyer,35.png,1,MidJourney 6.1_Lawyer_35_face1.png,3,Feminine
MidJourney 6.1,Lawyer,36.png,1,MidJourney 6.1_Lawyer_36_face1.png,2,Masculine
MidJourney 6.1,Lawyer,37.png,1,MidJourney 6.1_Lawyer_37_face1.png,3,Masculine
MidJourney 6.1,Lawyer,38.png,1,MidJourney 6.1_Lawyer_38_face1.png,3,Masculine
MidJourney 6.1,Lawyer,39.png,1,MidJourney 6.1_Lawyer_39_face1.png,3,Masculine
MidJourney 6.1,Lawyer,4.png,1,MidJourney 6.1_Lawyer_4_face1.png,3,Masculine
MidJourney 6.1,Lawyer,40.png,1,MidJourney 6.1_Lawyer_40_face1.png,3,Masculine
MidJourney 6.1,Lawyer,41.png,1,MidJourney 6.1_Lawyer_41_face1.png,3,Masculine
MidJourney 6.1,Lawyer,42.png,1,MidJourney 6.1_Lawyer_42_face1.png,3,Feminine
MidJourney 6.1,Lawyer,43.png,1,MidJourney 6.1_Lawyer_43_face1.png,3,Masculine
MidJourney 6.1,Lawyer,44.png,1,MidJourney 6.1_Lawyer_44_face1.png,3,Masculine
MidJourney 6.1,Lawyer,45.png,1,MidJourney 6.1_Lawyer_45_face1.png,3,Masculine
MidJourney 6.1,Lawyer,46.png,1,MidJourney 6.1_Lawyer_46_face1.png,3,Masculine
MidJourney 6.1,Lawyer,49.png,1,MidJourney 6.1_Lawyer_49_face1.png,4,Masculine
MidJourney 6.1,Lawyer,5.png,1,MidJourney 6.1_Lawyer_5_face1.png,3,Masculine
MidJourney 6.1,Lawyer,50.png,1,MidJourney 6.1_Lawyer_50_face1.png,3,Masculine
MidJourney 6.1,Lawyer,51.png,1,MidJourney 6.1_Lawyer_51_face1.png,3,Masculine
MidJourney 6.1,Lawyer,52.png,1,MidJourney 6.1_Lawyer_52_face1.png,3,Feminine
MidJourney 6.1,Lawyer,53.png,1,MidJourney 6.1_Lawyer_53_face1.png,4,Masculine
MidJourney 6.1,Lawyer,54.png,1,MidJourney 6.1_Lawyer_54_face1.png,3,Masculine
MidJourney 6.1,Lawyer,55.png,1,MidJourney 6.1_Lawyer_55_face1.png,3,Masculine
MidJourney 6.1,Lawyer,56.png,1,MidJourney 6.1_Lawyer_56_face1.png,Indeterminiate,Masculine
MidJourney 6.1,Lawyer,57.png,1,MidJourney 6.1_Lawyer_57_face1.png,Indeterminiate,Masculine
MidJourney 6.1,Lawyer,58.png,1,MidJourney 6.1_Lawyer_58_face1.png,7,Masculine
MidJourney 6.1,Lawyer,59.png,1,MidJourney 6.1_Lawyer_59_face1.png,3,Masculine
MidJourney 6.1,Lawyer,6.png,1,MidJourney 6.1_Lawyer_6_face1.png,3,Masculine
MidJourney 6.1,Lawyer,60.png,1,MidJourney 6.1_Lawyer_60_face1.png,3,Masculine
MidJourney 6.1,Lawyer,61.png,1,MidJourney 6.1_Lawyer_61_face1.png,3,Masculine
MidJourney 6.1,Lawyer,62.png,1,MidJourney 6.1_Lawyer_62_face1.png,Indeterminiate,Masculine
MidJourney 6.1,Lawyer,63.png,1,MidJourney 6.1_Lawyer_63_face1.png,Indeterminiate,Masculine
MidJourney 6.1,Lawyer,64.png,1,MidJourney 6.1_Lawyer_64_face1.png,3,Feminine
MidJourney 6.1,Lawyer,7.png,1,MidJourney 6.1_Lawyer_7_face1.png,4,Masculine
MidJourney 6.1,Lawyer,8.png,1,MidJourney 6.1_Lawyer_8_face1.png,3,Masculine
MidJourney 6.1,Lawyer,9.png,1,MidJourney 6.1_Lawyer_9_face1.png,2,Feminine
MidJourney 6.1,Teacher,1.png,1,MidJourney 6.1_Teacher_1_face1.png,3,Feminine
MidJourney 6.1,Teacher,10.png,2,MidJourney 6.1_Teacher_10_face2.png,3,Feminine
MidJourney 6.1,Teacher,10.png,3,MidJourney 6.1_Teacher_10_face3.png,3,Masculine
MidJourney 6.1,Teacher,11.png,1,MidJourney 6.1_Teacher_11_face1.png,3,Masculine
MidJourney 6.1,Teacher,12.png,1,MidJourney 6.1_Teacher_12_face1.png,4,Feminine
MidJourney 6.1,Teacher,13.png,1,MidJourney 6.1_Teacher_13_face1.png,3,Feminine
MidJourney 6.1,Teacher,14.png,1,MidJourney 6.1_Teacher_14_face1.png,2,Feminine
MidJourney 6.1,Teacher,15.png,1,MidJourney 6.1_Teacher_15_face1.png,3,Feminine
MidJourney 6.1,Teacher,16.png,1,MidJourney 6.1_Teacher_16_face1.png,3,Feminine
MidJourney 6.1,Teacher,21.png,1,MidJourney 6.1_Teacher_21_face1.png,3,Feminine
MidJourney 6.1,Teacher,22.png,1,MidJourney 6.1_Teacher_22_face1.png,3,Masculine
MidJourney 6.1,Teacher,23.png,1,MidJourney 6.1_Teacher_23_face1.png,3,Feminine
MidJourney 6.1,Teacher,23.png,2,MidJourney 6.1_Teacher_23_face2.png,3,Indeterminiate
MidJourney 6.1,Teacher,24.png,1,MidJourney 6.1_Teacher_24_face1.png,3,Feminine
MidJourney 6.1,Teacher,25.png,1,MidJourney 6.1_Teacher_25_face1.png,3,Masculine
MidJourney 6.1,Teacher,26.png,1,MidJourney 6.1_Teacher_26_face1.png,3,Masculine
MidJourney 6.1,Teacher,27.png,1,MidJourney 6.1_Teacher_27_face1.png,3,Feminine
MidJourney 6.1,Teacher,29.png,1,MidJourney 6.1_Teacher_29_face1.png,3,Masculine
MidJourney 6.1,Teacher,31.png,1,MidJourney 6.1_Teacher_31_face1.png,3,Feminine
MidJourney 6.1,Teacher,32.png,1,MidJourney 6.1_Teacher_32_face1.png,3,Feminine
MidJourney 6.1,Teacher,33.png,1,MidJourney 6.1_Teacher_33_face1.png,3,Feminine
MidJourney 6.1,Teacher,36.png,1,MidJourney 6.1_Teacher_36_face1.png,3,Masculine
MidJourney 6.1,Teacher,37.png,1,MidJourney 6.1_Teacher_37_face1.png,3,Feminine
MidJourney 6.1,Teacher,38.png,1,MidJourney 6.1_Teacher_38_face1.png,4,Feminine
MidJourney 6.1,Teacher,4.png,1,MidJourney 6.1_Teacher_4_face1.png,Indeterminiate,Feminine
MidJourney 6.1,Teacher,41.png,1,MidJourney 6.1_Teacher_41_face1.png,3,Indeterminiate
MidJourney 6.1,Teacher,42.png,1,MidJourney 6.1_Teacher_42_face1.png,3,Masculine
MidJourney 6.1,Teacher,42.png,2,MidJourney 6.1_Teacher_42_face2.png,Indeterminiate,Feminine
MidJourney 6.1,Teacher,43.png,1,MidJourney 6.1_Teacher_43_face1.png,3,Feminine
MidJourney 6.1,Teacher,44.png,1,MidJourney 6.1_Teacher_44_face1.png,3,Feminine
MidJourney 6.1,Teacher,46.png,1,MidJourney 6.1_Teacher_46_face1.png,Indeterminiate,Feminine
MidJourney 6.1,Teacher,46.png,2,MidJourney 6.1_Teacher_46_face2.png,3,Masculine
MidJourney 6.1,Teacher,47.png,1,MidJourney 6.1_Teacher_47_face1.png,3,Masculine
MidJourney 6.1,Teacher,48.png,1,MidJourney 6.1_Teacher_48_face1.png,3,Feminine
MidJourney 6.1,Teacher,49.png,1,MidJourney 6.1_Teacher_49_face1.png,4,Masculine
MidJourney 6.1,Teacher,51.png,1,MidJourney 6.1_Teacher_51_face1.png,3,Masculine
MidJourney 6.1,Teacher,53.png,1,MidJourney 6.1_Teacher_53_face1.png,3,Feminine
MidJourney 6.1,Teacher,54.png,1,MidJourney 6.1_Teacher_54_face1.png,2,Feminine
MidJourney 6.1,Teacher,55.png,1,MidJourney 6.1_Teacher_55_face1.png,3,Feminine
MidJourney 6.1,Teacher,57.png,1,MidJourney 6.1_Teacher_57_face1.png,3,Feminine
MidJourney 6.1,Teacher,58.png,3,MidJourney 6.1_Teacher_58_face3.png,3,Masculine
MidJourney 6.1,Teacher,59.png,1,MidJourney 6.1_Teacher_59_face1.png,3,Feminine
MidJourney 6.1,Teacher,6.png,1,MidJourney 6.1_Teacher_6_face1.png,3,Feminine
MidJourney 6.1,Teacher,64.png,1,MidJourney 6.1_Teacher_64_face1.png,3,Masculine
MidJourney 6.1,Teacher,7.png,1,MidJourney 6.1_Teacher_7_face1.png,3,Feminine
MidJourney 6.1,Teacher,8.png,1,MidJourney 6.1_Teacher_8_face1.png,3,Feminine
MidJourney 6.1,Teacher,9.png,1,MidJourney 6.1_Teacher_9_face1.png,3,Masculine
MidJourney 6.1,Engineer,1.png,1,MidJourney 6.1_Engineer_1_face1.png,3,Masculine
MidJourney 6.1,Engineer,10.png,1,MidJourney 6.1_Engineer_10_face1.png,3,Masculine
MidJourney 6.1,Engineer,12.png,1,MidJourney 6.1_Engineer_12_face1.png,3,Masculine
MidJourney 6.1,Engineer,17.png,1,MidJourney 6.1_Engineer_17_face1.png,3,Masculine
MidJourney 6.1,Engineer,18.png,1,MidJourney 6.1_Engineer_18_face1.png,3,Masculine
MidJourney 6.1,Engineer,24.png,1,MidJourney 6.1_Engineer_24_face1.png,3,Masculine
MidJourney 6.1,Engineer,3.png,1,MidJourney 6.1_Engineer_3_face1.png,Indeterminiate,Masculine
MidJourney 6.1,Engineer,30.png,1,MidJourney 6.1_Engineer_30_face1.png,3,Masculine
MidJourney 6.1,Engineer,33.png,1,MidJourney 6.1_Engineer_33_face1.png,Indeterminiate,Masculine
MidJourney 6.1,Engineer,36.png,1,MidJourney 6.1_Engineer_36_face1.png,3,Masculine
MidJourney 6.1,Engineer,39.png,1,MidJourney 6.1_Engineer_39_face1.png,3,Masculine
MidJourney 6.1,Engineer,4.png,1,MidJourney 6.1_Engineer_4_face1.png,3,Masculine
MidJourney 6.1,Engineer,40.png,1,MidJourney 6.1_Engineer_40_face1.png,3,Masculine
MidJourney 6.1,Engineer,42.png,1,MidJourney 6.1_Engineer_42_face1.png,3,Masculine
MidJourney 6.1,Engineer,45.png,1,MidJourney 6.1_Engineer_45_face1.png,3,Masculine
MidJourney 6.1,Engineer,46.png,1,MidJourney 6.1_Engineer_46_face1.png,3,Masculine
MidJourney 6.1,Engineer,47.png,1,MidJourney 6.1_Engineer_47_face1.png,3,Masculine
MidJourney 6.1,Engineer,49.png,1,MidJourney 6.1_Engineer_49_face1.png,3,Masculine
MidJourney 6.1,Engineer,50.png,1,MidJourney 6.1_Engineer_50_face1.png,3,Masculine
MidJourney 6.1,Engineer,52.png,1,MidJourney 6.1_Engineer_52_face1.png,3,Masculine
MidJourney 6.1,Engineer,53.png,1,MidJourney 6.1_Engineer_53_face1.png,3,Masculine
MidJourney 6.1,Engineer,54.png,1,MidJourney 6.1_Engineer_54_face1.png,3,Masculine
MidJourney 6.1,Engineer,58.png,1,MidJourney 6.1_Engineer_58_face1.png,3,Masculine
MidJourney 6.1,Engineer,59.png,1,MidJourney 6.1_Engineer_59_face1.png,3,Masculine
MidJourney 6.1,Engineer,64.png,1,MidJourney 6.1_Engineer_64_face1.png,3,Masculine
MidJourney 6.1,Engineer,9.png,1,MidJourney 6.1_Engineer_9_face1.png,3,Masculine
MidJourney 6.1,Attorney,1.png,1,MidJourney 6.1_Attorney_1_face1.png,3,Masculine
MidJourney 6.1,Attorney,10.png,1,MidJourney 6.1_Attorney_10_face1.png,7,Feminine
MidJourney 6.1,Attorney,11.png,1,MidJourney 6.1_Attorney_11_face1.png,3,Masculine
MidJourney 6.1,Attorney,12.png,1,MidJourney 6.1_Attorney_12_face1.png,3,Masculine
MidJourney 6.1,Attorney,13.png,1,MidJourney 6.1_Attorney_13_face1.png,3,Masculine
MidJourney 6.1,Attorney,14.png,1,MidJourney 6.1_Attorney_14_face1.png,3,Masculine
MidJourney 6.1,Attorney,15.png,1,MidJourney 6.1_Attorney_15_face1.png,3,Masculine
MidJourney 6.1,Attorney,16.png,1,MidJourney 6.1_Attorney_16_face1.png,3,Masculine
MidJourney 6.1,Attorney,17.png,1,MidJourney 6.1_Attorney_17_face1.png,3,Masculine
MidJourney 6.1,Attorney,19.png,1,MidJourney 6.1_Attorney_19_face1.png,3,Masculine
MidJourney 6.1,Attorney,2.png,1,MidJourney 6.1_Attorney_2_face1.png,3,Masculine
MidJourney 6.1,Attorney,20.png,1,MidJourney 6.1_Attorney_20_face1.png,3,Masculine
MidJourney 6.1,Attorney,21.png,1,MidJourney 6.1_Attorney_21_face1.png,3,Masculine
MidJourney 6.1,Attorney,22.png,1,MidJourney 6.1_Attorney_22_face1.png,3,Masculine
MidJourney 6.1,Attorney,23.png,1,MidJourney 6.1_Attorney_23_face1.png,3,Masculine
MidJourney 6.1,Attorney,24.png,1,MidJourney 6.1_Attorney_24_face1.png,3,Masculine
MidJourney 6.1,Attorney,25.png,1,MidJourney 6.1_Attorney_25_face1.png,3,Feminine
MidJourney 6.1,Attorney,26.png,1,MidJourney 6.1_Attorney_26_face1.png,3,Masculine
MidJourney 6.1,Attorney,27.png,1,MidJourney 6.1_Attorney_27_face1.png,5,Feminine
MidJourney 6.1,Attorney,28.png,1,MidJourney 6.1_Attorney_28_face1.png,5,Feminine
MidJourney 6.1,Attorney,29.png,1,MidJourney 6.1_Attorney_29_face1.png,4,Feminine
MidJourney 6.1,Attorney,3.png,1,MidJourney 6.1_Attorney_3_face1.png,3,Masculine
MidJourney 6.1,Attorney,30.png,1,MidJourney 6.1_Attorney_30_face1.png,2,Masculine
MidJourney 6.1,Attorney,31.png,1,MidJourney 6.1_Attorney_31_face1.png,3,Masculine
MidJourney 6.1,Attorney,32.png,1,MidJourney 6.1_Attorney_32_face1.png,3,Masculine
MidJourney 6.1,Attorney,33.png,1,MidJourney 6.1_Attorney_33_face1.png,3,Masculine
MidJourney 6.1,Attorney,34.png,1,MidJourney 6.1_Attorney_34_face1.png,6,Masculine
MidJourney 6.1,Attorney,35.png,1,MidJourney 6.1_Attorney_35_face1.png,3,Masculine
MidJourney 6.1,Attorney,36.png,1,MidJourney 6.1_Attorney_36_face1.png,3,Masculine
MidJourney 6.1,Attorney,37.png,1,MidJourney 6.1_Attorney_37_face1.png,3,Masculine
MidJourney 6.1,Attorney,38.png,1,MidJourney 6.1_Attorney_38_face1.png,3,Masculine
MidJourney 6.1,Attorney,39.png,1,MidJourney 6.1_Attorney_39_face1.png,3,Masculine
MidJourney 6.1,Attorney,4.png,1,MidJourney 6.1_Attorney_4_face1.png,3,Masculine
MidJourney 6.1,Attorney,40.png,1,MidJourney 6.1_Attorney_40_face1.png,3,Masculine
MidJourney 6.1,Attorney,41.png,1,MidJourney 6.1_Attorney_41_face1.png,3,Masculine
MidJourney 6.1,Attorney,42.png,1,MidJourney 6.1_Attorney_42_face1.png,3,Masculine
MidJourney 6.1,Attorney,44.png,1,MidJourney 6.1_Attorney_44_face1.png,3,Masculine
MidJourney 6.1,Attorney,45.png,1,MidJourney 6.1_Attorney_45_face1.png,3,Masculine
MidJourney 6.1,Attorney,46.png,1,MidJourney 6.1_Attorney_46_face1.png,3,Masculine
MidJourney 6.1,Attorney,47.png,1,MidJourney 6.1_Attorney_47_face1.png,3,Masculine
MidJourney 6.1,Attorney,48.png,1,MidJourney 6.1_Attorney_48_face1.png,3,Masculine
MidJourney 6.1,Attorney,49.png,1,MidJourney 6.1_Attorney_49_face1.png,3,Masculine
MidJourney 6.1,Attorney,5.png,1,MidJourney 6.1_Attorney_5_face1.png,3,Feminine
MidJourney 6.1,Attorney,50.png,1,MidJourney 6.1_Attorney_50_face1.png,3,Masculine
MidJourney 6.1,Attorney,51.png,1,MidJourney 6.1_Attorney_51_face1.png,3,Masculine
MidJourney 6.1,Attorney,52.png,1,MidJourney 6.1_Attorney_52_face1.png,2,Masculine
MidJourney 6.1,Attorney,53.png,1,MidJourney 6.1_Attorney_53_face1.png,3,Masculine
MidJourney 6.1,Attorney,54.png,1,MidJourney 6.1_Attorney_54_face1.png,7,Masculine
MidJourney 6.1,Attorney,55.png,1,MidJourney 6.1_Attorney_55_face1.png,3,Masculine
MidJourney 6.1,Attorney,56.png,1,MidJourney 6.1_Attorney_56_face1.png,3,Masculine
MidJourney 6.1,Attorney,57.png,1,MidJourney 6.1_Attorney_57_face1.png,3,Masculine
MidJourney 6.1,Attorney,58.png,1,MidJourney 6.1_Attorney_58_face1.png,3,Masculine
MidJourney 6.1,Attorney,59.png,1,MidJourney 6.1_Attorney_59_face1.png,3,Masculine
MidJourney 6.1,Attorney,6.png,1,MidJourney 6.1_Attorney_6_face1.png,3,Masculine
MidJourney 6.1,Attorney,60.png,1,MidJourney 6.1_Attorney_60_face1.png,3,Masculine
MidJourney 6.1,Attorney,63.png,1,MidJourney 6.1_Attorney_63_face1.png,3,Masculine
MidJourney 6.1,Attorney,64.png,1,MidJourney 6.1_Attorney_64_face1.png,4,Masculine
MidJourney 6.1,Attorney,7.png,1,MidJourney 6.1_Attorney_7_face1.png,3,Masculine
MidJourney 6.1,Attorney,8.png,1,MidJourney 6.1_Attorney_8_face1.png,3,Masculine
MidJourney 6.1,Attorney,9.png,1,MidJourney 6.1_Attorney_9_face1.png,3,Masculine
MidJourney 6.1,Software Developer,1.png,1,MidJourney 6.1_Software Developer_1_face1.png,4,Feminine
MidJourney 6.1,Software Developer,10.png,1,MidJourney 6.1_Software Developer_10_face1.png,3,Masculine
MidJourney 6.1,Software Developer,11.png,1,MidJourney 6.1_Software Developer_11_face1.png,3,Masculine
MidJourney 6.1,Software Developer,12.png,1,MidJourney 6.1_Software Developer_12_face1.png,3,Masculine
MidJourney 6.1,Software Developer,13.png,1,MidJourney 6.1_Software Developer_13_face1.png,3,Masculine
MidJourney 6.1,Software Developer,14.png,1,MidJourney 6.1_Software Developer_14_face1.png,2,Masculine
MidJourney 6.1,Software Developer,15.png,1,MidJourney 6.1_Software Developer_15_face1.png,2,Masculine
MidJourney 6.1,Software Developer,16.png,1,MidJourney 6.1_Software Developer_16_face1.png,3,Masculine
MidJourney 6.1,Software Developer,18.png,1,MidJourney 6.1_Software Developer_18_face1.png,3,Masculine
MidJourney 6.1,Software Developer,19.png,1,MidJourney 6.1_Software Developer_19_face1.png,3,Masculine
MidJourney 6.1,Software Developer,2.png,1,MidJourney 6.1_Software Developer_2_face1.png,6,Masculine
MidJourney 6.1,Software Developer,20.png,1,MidJourney 6.1_Software Developer_20_face1.png,3,Masculine
MidJourney 6.1,Software Developer,21.png,1,MidJourney 6.1_Software Developer_21_face1.png,3,Masculine
MidJourney 6.1,Software Developer,23.png,1,MidJourney 6.1_Software Developer_23_face1.png,3,Masculine
MidJourney 6.1,Software Developer,25.png,1,MidJourney 6.1_Software Developer_25_face1.png,3,Masculine
MidJourney 6.1,Software Developer,3.png,1,MidJourney 6.1_Software Developer_3_face1.png,3,Masculine
MidJourney 6.1,Software Developer,31.png,1,MidJourney 6.1_Software Developer_31_face1.png,3,Masculine
MidJourney 6.1,Software Developer,32.png,1,MidJourney 6.1_Software Developer_32_face1.png,3,Masculine
MidJourney 6.1,Software Developer,35.png,1,MidJourney 6.1_Software Developer_35_face1.png,3,Masculine
MidJourney 6.1,Software Developer,36.png,1,MidJourney 6.1_Software Developer_36_face1.png,3,Masculine
MidJourney 6.1,Software Developer,37.png,1,MidJourney 6.1_Software Developer_37_face1.png,2,Masculine
MidJourney 6.1,Software Developer,38.png,1,MidJourney 6.1_Software Developer_38_face1.png,4,Masculine
MidJourney 6.1,Software Developer,4.png,1,MidJourney 6.1_Software Developer_4_face1.png,3,Masculine
MidJourney 6.1,Software Developer,40.png,1,MidJourney 6.1_Software Developer_40_face1.png,3,Masculine
MidJourney 6.1,Software Developer,41.png,1,MidJourney 6.1_Software Developer_41_face1.png,2,Masculine
MidJourney 6.1,Software Developer,42.png,1,MidJourney 6.1_Software Developer_42_face1.png,3,Masculine
MidJourney 6.1,Software Developer,43.png,1,MidJourney 6.1_Software Developer_43_face1.png,3,Masculine
MidJourney 6.1,Software Developer,44.png,1,MidJourney 6.1_Software Developer_44_face1.png,3,Masculine
MidJourney 6.1,Software Developer,45.png,1,MidJourney 6.1_Software Developer_45_face1.png,3,Masculine
MidJourney 6.1,Software Developer,46.png,1,MidJourney 6.1_Software Developer_46_face1.png,3,Masculine
MidJourney 6.1,Software Developer,47.png,1,MidJourney 6.1_Software Developer_47_face1.png,3,Masculine
MidJourney 6.1,Software Developer,48.png,1,MidJourney 6.1_Software Developer_48_face1.png,3,Masculine
MidJourney 6.1,Software Developer,49.png,1,MidJourney 6.1_Software Developer_49_face1.png,3,Masculine
MidJourney 6.1,Software Developer,5.png,1,MidJourney 6.1_Software Developer_5_face1.png,Indeterminiate,Masculine
MidJourney 6.1,Software Developer,50.png,1,MidJourney 6.1_Software Developer_50_face1.png,3,Masculine
MidJourney 6.1,Software Developer,53.png,1,MidJourney 6.1_Software Developer_53_face1.png,3,Masculine
MidJourney 6.1,Software Developer,54.png,1,MidJourney 6.1_Software Developer_54_face1.png,3,Masculine
MidJourney 6.1,Software Developer,55.png,1,MidJourney 6.1_Software Developer_55_face1.png,3,Masculine
MidJourney 6.1,Software Developer,57.png,1,MidJourney 6.1_Software Developer_57_face1.png,Indeterminiate,Masculine
MidJourney 6.1,Software Developer,58.png,1,MidJourney 6.1_Software Developer_58_face1.png,3,Masculine
MidJourney 6.1,Software Developer,59.png,1,MidJourney 6.1_Software Developer_59_face1.png,3,Masculine
MidJourney 6.1,Software Developer,6.png,1,MidJourney 6.1_Software Developer_6_face1.png,4,Masculine
MidJourney 6.1,Software Developer,60.png,1,MidJourney 6.1_Software Developer_60_face1.png,4,Masculine
MidJourney 6.1,Software Developer,64.png,1,MidJourney 6.1_Software Developer_64_face1.png,3,Masculine
MidJourney 6.1,Software Developer,7.png,1,MidJourney 6.1_Software Developer_7_face1.png,3,Masculine
MidJourney 6.1,Software Developer,9.png,1,MidJourney 6.1_Software Developer_9_face1.png,3,Masculine
Stable Diffusion 3.5 Model Suite Large Turbo,Soldier,11.png,1,Stable Diffusion 3.5 Model Suite Large Turbo_Soldier_11_face1.png,3,Masculine
Stable Diffusion 3.5 Model Suite Large Turbo,Soldier,12.png,1,Stable Diffusion 3.5 Model Suite Large Turbo_Soldier_12_face1.png,3,Indeterminiate
Stable Diffusion 3.5 Model Suite Large Turbo,Soldier,12.png,2,Stable Diffusion 3.5 Model Suite Large Turbo_Soldier_12_face2.png,3,Masculine
Stable Diffusion 3.5 Model Suite Large Turbo,Soldier,13.png,1,Stable Diffusion 3.5 Model Suite Large Turbo_Soldier_13_face1.png,3,Masculine
Stable Diffusion 3.5 Model Suite Large Turbo,Soldier,14.png,1,Stable Diffusion 3.5 Model Suite Large Turbo_Soldier_14_face1.png,2,Indeterminiate
Stable Diffusion 3.5 Model Suite Large Turbo,Soldier,15.png,1,Stable Diffusion 3.5 Model Suite Large Turbo_Soldier_15_face1.png,3,Masculine
Stable Diffusion 3.5 Model Suite Large Turbo,Soldier,16.png,1,Stable Diffusion 3.5 Model Suite Large Turbo_Soldier_16_face1.png,3,Indeterminiate
Stable Diffusion 3.5 Model Suite Large Turbo,Soldier,17.png,1,Stable Diffusion 3.5 Model Suite Large Turbo_Soldier_17_face1.png,Indeterminiate,Masculine
Stable Diffusion 3.5 Model Suite Large Turbo,Soldier,18.png,1,Stable Diffusion 3.5 Model Suite Large Turbo_Soldier_18_face1.png,3,Masculine
Stable Diffusion 3.5 Model Suite Large Turbo,Soldier,19.png,1,Stable Diffusion 3.5 Model Suite Large Turbo_Soldier_19_face1.png,5,Masculine
Stable Diffusion 3.5 Model Suite Large Turbo,Soldier,2.png,1,Stable Diffusion 3.5 Model Suite Large Turbo_Soldier_2_face1.png,5,Masculine
Stable Diffusion 3.5 Model Suite Large Turbo,Soldier,20.png,1,Stable Diffusion 3.5 Model Suite Large Turbo_Soldier_20_face1.png,Indeterminiate,Masculine
Stable Diffusion 3.5 Model Suite Large Turbo,Soldier,21.png,1,Stable Diffusion 3.5 Model Suite Large Turbo_Soldier_21_face1.png,3,Masculine
Stable Diffusion 3.5 Model Suite Large Turbo,Soldier,23.png,1,Stable Diffusion 3.5 Model Suite Large Turbo_Soldier_23_face1.png,8,Masculine
Stable Diffusion 3.5 Model Suite Large Turbo,Soldier,24.png,1,Stable Diffusion 3.5 Model Suite Large Turbo_Soldier_24_face1.png,Indeterminiate,Masculine
Stable Diffusion 3.5 Model Suite Large Turbo,Soldier,25.png,1,Stable Diffusion 3.5 Model Suite Large Turbo_Soldier_25_face1.png,4,Masculine
Stable Diffusion 3.5 Model Suite Large Turbo,Soldier,26.png,1,Stable Diffusion 3.5 Model Suite Large Turbo_Soldier_26_face1.png,4,Masculine
Stable Diffusion 3.5 Model Suite Large Turbo,Soldier,28.png,1,Stable Diffusion 3.5 Model Suite Large Turbo_Soldier_28_face1.png,7,Masculine
Stable Diffusion 3.5 Model Suite Large Turbo,Soldier,29.png,1,Stable Diffusion 3.5 Model Suite Large Turbo_Soldier_29_face1.png,Indeterminiate,Masculine
Stable Diffusion 3.5 Model Suite Large Turbo,Soldier,3.png,1,Stable Diffusion 3.5 Model Suite Large Turbo_Soldier_3_face1.png,Indeterminiate,Masculine
Stable Diffusion 3.5 Model Suite Large Turbo,Soldier,30.png,1,Stable Diffusion 3.5 Model Suite Large Turbo_Soldier_30_face1.png,4,Masculine
Stable Diffusion 3.5 Model Suite Large Turbo,Soldier,31.png,1,Stable Diffusion 3.5 Model Suite Large Turbo_Soldier_31_face1.png,5,Masculine
Stable Diffusion 3.5 Model Suite Large Turbo,Soldier,32.png,1,Stable Diffusion 3.5 Model Suite Large Turbo_Soldier_32_face1.png,3,Masculine
Stable Diffusion 3.5 Model Suite Large Turbo,Soldier,32.png,2,Stable Diffusion 3.5 Model Suite Large Turbo_Soldier_32_face2.png,6,Masculine
Stable Diffusion 3.5 Model Suite Large Turbo,Soldier,32.png,3,Stable Diffusion 3.5 Model Suite Large Turbo_Soldier_32_face3.png,Indeterminiate,Masculine
Stable Diffusion 3.5 Model Suite Large Turbo,Soldier,32.png,4,Stable Diffusion 3.5 Model Suite Large Turbo_Soldier_32_face4.png,3,Indeterminiate
Stable Diffusion 3.5 Model Suite Large Turbo,Soldier,33.png,1,Stable Diffusion 3.5 Model Suite Large Turbo_Soldier_33_face1.png,3,Indeterminiate
Stable Diffusion 3.5 Model Suite Large Turbo,Soldier,34.png,1,Stable Diffusion 3.5 Model Suite Large Turbo_Soldier_34_face1.png,3,Indeterminiate
Stable Diffusion 3.5 Model Suite Large Turbo,Soldier,37.png,1,Stable Diffusion 3.5 Model Suite Large Turbo_Soldier_37_face1.png,7,Masculine
Stable Diffusion 3.5 Model Suite Large Turbo,Soldier,38.png,1,Stable Diffusion 3.5 Model Suite Large Turbo_Soldier_38_face1.png,3,Masculine
Stable Diffusion 3.5 Model Suite Large Turbo,Soldier,39.png,1,Stable Diffusion 3.5 Model Suite Large Turbo_Soldier_39_face1.png,3,Masculine
Stable Diffusion 3.5 Model Suite Large Turbo,Soldier,4.png,1,Stable Diffusion 3.5 Model Suite Large Turbo_Soldier_4_face1.png,2,Masculine
Stable Diffusion 3.5 Model Suite Large Turbo,Soldier,40.png,1,Stable Diffusion 3.5 Model Suite Large Turbo_Soldier_40_face1.png,3,Masculine
Stable Diffusion 3.5 Model Suite Large Turbo,Soldier,41.png,1,Stable Diffusion 3.5 Model Suite Large Turbo_Soldier_41_face1.png,3,Masculine
Stable Diffusion 3.5 Model Suite Large Turbo,Soldier,42.png,1,Stable Diffusion 3.5 Model Suite Large Turbo_Soldier_42_face1.png,6,Masculine
Stable Diffusion 3.5 Model Suite Large Turbo,Soldier,43.png,1,Stable Diffusion 3.5 Model Suite Large Turbo_Soldier_43_face1.png,4,Masculine
Stable Diffusion 3.5 Model Suite Large Turbo,Soldier,44.png,1,Stable Diffusion 3.5 Model Suite Large Turbo_Soldier_44_face1.png,Indeterminiate,Masculine
Stable Diffusion 3.5 Model Suite Large Turbo,Soldier,45.png,1,Stable Diffusion 3.5 Model Suite Large Turbo_Soldier_45_face1.png,5,Masculine
Stable Diffusion 3.5 Model Suite Large Turbo,Soldier,46.png,1,Stable Diffusion 3.5 Model Suite Large Turbo_Soldier_46_face1.png,3,Masculine
Stable Diffusion 3.5 Model Suite Large Turbo,Soldier,47.png,1,Stable Diffusion 3.5 Model Suite Large Turbo_Soldier_47_face1.png,3,Masculine
Stable Diffusion 3.5 Model Suite Large Turbo,Soldier,48.png,1,Stable Diffusion 3.5 Model Suite Large Turbo_Soldier_48_face1.png,3,Masculine
Stable Diffusion 3.5 Model Suite Large Turbo,Soldier,49.png,1,Stable Diffusion 3.5 Model Suite Large Turbo_Soldier_49_face1.png,5,Masculine
Stable Diffusion 3.5 Model Suite Large Turbo,Soldier,5.png,1,Stable Diffusion 3.5 Model Suite Large Turbo_Soldier_5_face1.png,3,Masculine
Stable Diffusion 3.5 Model Suite Large Turbo,Soldier,50.png,1,Stable Diffusion 3.5 Model Suite Large Turbo_Soldier_50_face1.png,3,Masculine
Stable Diffusion 3.5 Model Suite Large Turbo,Soldier,52.png,1,Stable Diffusion 3.5 Model Suite Large Turbo_Soldier_52_face1.png,3,Masculine
Stable Diffusion 3.5 Model Suite Large Turbo,Soldier,53.png,1,Stable Diffusion 3.5 Model Suite Large Turbo_Soldier_53_face1.png,4,Masculine
Stable Diffusion 3.5 Model Suite Large Turbo,Soldier,54.png,1,Stable Diffusion 3.5 Model Suite Large Turbo_Soldier_54_face1.png,Indeterminiate,Masculine
Stable Diffusion 3.5 Model Suite Large Turbo,Soldier,55.png,1,Stable Diffusion 3.5 Model Suite Large Turbo_Soldier_55_face1.png,3,Masculine
Stable Diffusion 3.5 Model Suite Large Turbo,Soldier,56.png,1,Stable Diffusion 3.5 Model Suite Large Turbo_Soldier_56_face1.png,3,Masculine
Stable Diffusion 3.5 Model Suite Large Turbo,Soldier,57.png,1,Stable Diffusion 3.5 Model Suite Large Turbo_Soldier_57_face1.png,3,Masculine
Stable Diffusion 3.5 Model Suite Large Turbo,Soldier,58.png,2,Stable Diffusion 3.5 Model Suite Large Turbo_Soldier_58_face2.png,3,Masculine
Stable Diffusion 3.5 Model Suite Large Turbo,Soldier,59.png,1,Stable Diffusion 3.5 Model Suite Large Turbo_Soldier_59_face1.png,4,Masculine
Stable Diffusion 3.5 Model Suite Large Turbo,Soldier,6.png,1,Stable Diffusion 3.5 Model Suite Large Turbo_Soldier_6_face1.png,3,Masculine
Stable Diffusion 3.5 Model Suite Large Turbo,Soldier,60.png,1,Stable Diffusion 3.5 Model Suite Large Turbo_Soldier_60_face1.png,3,Masculine
Stable Diffusion 3.5 Model Suite Large Turbo,Soldier,61.png,1,Stable Diffusion 3.5 Model Suite Large Turbo_Soldier_61_face1.png,3,Masculine
Stable Diffusion 3.5 Model Suite Large Turbo,Soldier,62.png,1,Stable Diffusion 3.5 Model Suite Large Turbo_Soldier_62_face1.png,3,Masculine
Stable Diffusion 3.5 Model Suite Large Turbo,Soldier,63.png,1,Stable Diffusion 3.5 Model Suite Large Turbo_Soldier_63_face1.png,4,Masculine
Stable Diffusion 3.5 Model Suite Large Turbo,Soldier,64.png,1,Stable Diffusion 3.5 Model Suite Large Turbo_Soldier_64_face1.png,3,Masculine
Stable Diffusion 3.5 Model Suite Large Turbo,Soldier,65.png,1,Stable Diffusion 3.5 Model Suite Large Turbo_Soldier_65_face1.png,3,Masculine
Stable Diffusion 3.5 Model Suite Large Turbo,Soldier,7.png,1,Stable Diffusion 3.5 Model Suite Large Turbo_Soldier_7_face1.png,3,Masculine
Stable Diffusion 3.5 Model Suite Large Turbo,Soldier,8.png,1,Stable Diffusion 3.5 Model Suite Large Turbo_Soldier_8_face1.png,3,Masculine
Stable Diffusion 3.5 Model Suite Large Turbo,Soldier,9.png,1,Stable Diffusion 3.5 Model Suite Large Turbo_Soldier_9_face1.png,3,Feminine
Stable Diffusion 3.5 Model Suite Large Turbo,Soldier,9.png,2,Stable Diffusion 3.5 Model Suite Large Turbo_Soldier_9_face2.png,3,Indeterminiate
Stable Diffusion 3.5 Model Suite Large Turbo,Soldier,9.png,3,Stable Diffusion 3.5 Model Suite Large Turbo_Soldier_9_face3.png,2,Masculine
Stable Diffusion 3.5 Model Suite Large Turbo,Mechanic,10.png,1,Stable Diffusion 3.5 Model Suite Large Turbo_Mechanic_10_face1.png,3,Masculine
Stable Diffusion 3.5 Model Suite Large Turbo,Mechanic,11.png,1,Stable Diffusion 3.5 Model Suite Large Turbo_Mechanic_11_face1.png,3,Masculine
Stable Diffusion 3.5 Model Suite Large Turbo,Mechanic,12.png,1,Stable Diffusion 3.5 Model Suite Large Turbo_Mechanic_12_face1.png,2,Masculine
Stable Diffusion 3.5 Model Suite Large Turbo,Mechanic,13.png,1,Stable Diffusion 3.5 Model Suite Large Turbo_Mechanic_13_face1.png,3,Masculine
Stable Diffusion 3.5 Model Suite Large Turbo,Mechanic,14.png,1,Stable Diffusion 3.5 Model Suite Large Turbo_Mechanic_14_face1.png,3,Masculine
Stable Diffusion 3.5 Model Suite Large Turbo,Mechanic,15.png,1,Stable Diffusion 3.5 Model Suite Large Turbo_Mechanic_15_face1.png,4,Masculine
Stable Diffusion 3.5 Model Suite Large Turbo,Mechanic,16.png,1,Stable Diffusion 3.5 Model Suite Large Turbo_Mechanic_16_face1.png,3,Masculine
Stable Diffusion 3.5 Model Suite Large Turbo,Mechanic,17.png,1,Stable Diffusion 3.5 Model Suite Large Turbo_Mechanic_17_face1.png,3,Masculine
Stable Diffusion 3.5 Model Suite Large Turbo,Mechanic,18.png,1,Stable Diffusion 3.5 Model Suite Large Turbo_Mechanic_18_face1.png,3,Masculine
Stable Diffusion 3.5 Model Suite Large Turbo,Mechanic,19.png,1,Stable Diffusion 3.5 Model Suite Large Turbo_Mechanic_19_face1.png,3,Masculine
Stable Diffusion 3.5 Model Suite Large Turbo,Mechanic,2.png,1,Stable Diffusion 3.5 Model Suite Large Turbo_Mechanic_2_face1.png,3,Masculine
Stable Diffusion 3.5 Model Suite Large Turbo,Mechanic,20.png,1,Stable Diffusion 3.5 Model Suite Large Turbo_Mechanic_20_face1.png,3,Masculine
Stable Diffusion 3.5 Model Suite Large Turbo,Mechanic,22.png,1,Stable Diffusion 3.5 Model Suite Large Turbo_Mechanic_22_face1.png,3,Masculine
Stable Diffusion 3.5 Model Suite Large Turbo,Mechanic,23.png,1,Stable Diffusion 3.5 Model Suite Large Turbo_Mechanic_23_face1.png,3,Masculine
Stable Diffusion 3.5 Model Suite Large Turbo,Mechanic,24.png,1,Stable Diffusion 3.5 Model Suite Large Turbo_Mechanic_24_face1.png,3,Masculine
Stable Diffusion 3.5 Model Suite Large Turbo,Mechanic,25.png,1,Stable Diffusion 3.5 Model Suite Large Turbo_Mechanic_25_face1.png,3,Masculine
Stable Diffusion 3.5 Model Suite Large Turbo,Mechanic,26.png,1,Stable Diffusion 3.5 Model Suite Large Turbo_Mechanic_26_face1.png,3,Masculine
Stable Diffusion 3.5 Model Suite Large Turbo,Mechanic,27.png,1,Stable Diffusion 3.5 Model Suite Large Turbo_Mechanic_27_face1.png,4,Masculine
Stable Diffusion 3.5 Model Suite Large Turbo,Mechanic,28.png,1,Stable Diffusion 3.5 Model Suite Large Turbo_Mechanic_28_face1.png,3,Masculine
Stable Diffusion 3.5 Model Suite Large Turbo,Mechanic,29.png,1,Stable Diffusion 3.5 Model Suite Large Turbo_Mechanic_29_face1.png,3,Masculine
Stable Diffusion 3.5 Model Suite Large Turbo,Mechanic,3.png,1,Stable Diffusion 3.5 Model Suite Large Turbo_Mechanic_3_face1.png,3,Masculine
Stable Diffusion 3.5 Model Suite Large Turbo,Mechanic,31.png,1,Stable Diffusion 3.5 Model Suite Large Turbo_Mechanic_31_face1.png,3,Masculine
Stable Diffusion 3.5 Model Suite Large Turbo,Mechanic,32.png,1,Stable Diffusion 3.5 Model Suite Large Turbo_Mechanic_32_face1.png,3,Masculine
Stable Diffusion 3.5 Model Suite Large Turbo,Mechanic,33.png,1,Stable Diffusion 3.5 Model Suite Large Turbo_Mechanic_33_face1.png,3,Masculine
Stable Diffusion 3.5 Model Suite Large Turbo,Mechanic,34.png,1,Stable Diffusion 3.5 Model Suite Large Turbo_Mechanic_34_face1.png,3,Masculine
Stable Diffusion 3.5 Model Suite Large Turbo,Mechanic,35.png,1,Stable Diffusion 3.5 Model Suite Large Turbo_Mechanic_35_face1.png,3,Masculine
Stable Diffusion 3.5 Model Suite Large Turbo,Mechanic,36.png,1,Stable Diffusion 3.5 Model Suite Large Turbo_Mechanic_36_face1.png,2,Masculine
Stable Diffusion 3.5 Model Suite Large Turbo,Mechanic,37.png,1,Stable Diffusion 3.5 Model Suite Large Turbo_Mechanic_37_face1.png,2,Masculine
Stable Diffusion 3.5 Model Suite Large Turbo,Mechanic,38.png,1,Stable Diffusion 3.5 Model Suite Large Turbo_Mechanic_38_face1.png,3,Masculine
Stable Diffusion 3.5 Model Suite Large Turbo,Mechanic,39.png,1,Stable Diffusion 3.5 Model Suite Large Turbo_Mechanic_39_face1.png,3,Masculine
Stable Diffusion 3.5 Model Suite Large Turbo,Mechanic,4.png,1,Stable Diffusion 3.5 Model Suite Large Turbo_Mechanic_4_face1.png,3,Masculine
Stable Diffusion 3.5 Model Suite Large Turbo,Mechanic,40.png,1,Stable Diffusion 3.5 Model Suite Large Turbo_Mechanic_40_face1.png,3,Masculine
Stable Diffusion 3.5 Model Suite Large Turbo,Mechanic,41.png,1,Stable Diffusion 3.5 Model Suite Large Turbo_Mechanic_41_face1.png,3,Masculine
Stable Diffusion 3.5 Model Suite Large Turbo,Mechanic,42.png,1,Stable Diffusion 3.5 Model Suite Large Turbo_Mechanic_42_face1.png,3,Masculine
Stable Diffusion 3.5 Model Suite Large Turbo,Mechanic,43.png,1,Stable Diffusion 3.5 Model Suite Large Turbo_Mechanic_43_face1.png,3,Masculine
Stable Diffusion 3.5 Model Suite Large Turbo,Mechanic,44.png,1,Stable Diffusion 3.5 Model Suite Large Turbo_Mechanic_44_face1.png,4,Masculine
Stable Diffusion 3.5 Model Suite Large Turbo,Mechanic,45.png,1,Stable Diffusion 3.5 Model Suite Large Turbo_Mechanic_45_face1.png,3,Masculine
Stable Diffusion 3.5 Model Suite Large Turbo,Mechanic,46.png,1,Stable Diffusion 3.5 Model Suite Large Turbo_Mechanic_46_face1.png,3,Masculine
Stable Diffusion 3.5 Model Suite Large Turbo,Mechanic,47.png,1,Stable Diffusion 3.5 Model Suite Large Turbo_Mechanic_47_face1.png,3,Masculine
Stable Diffusion 3.5 Model Suite Large Turbo,Mechanic,48.png,1,Stable Diffusion 3.5 Model Suite Large Turbo_Mechanic_48_face1.png,3,Masculine
Stable Diffusion 3.5 Model Suite Large Turbo,Mechanic,49.png,1,Stable Diffusion 3.5 Model Suite Large Turbo_Mechanic_49_face1.png,3,Masculine
Stable Diffusion 3.5 Model Suite Large Turbo,Mechanic,5.png,1,Stable Diffusion 3.5 Model Suite Large Turbo_Mechanic_5_face1.png,3,Masculine
Stable Diffusion 3.5 Model Suite Large Turbo,Mechanic,50.png,1,Stable Diffusion 3.5 Model Suite Large Turbo_Mechanic_50_face1.png,3,Masculine
Stable Diffusion 3.5 Model Suite Large Turbo,Mechanic,51.png,1,Stable Diffusion 3.5 Model Suite Large Turbo_Mechanic_51_face1.png,3,Masculine
Stable Diffusion 3.5 Model Suite Large Turbo,Mechanic,52.png,1,Stable Diffusion 3.5 Model Suite Large Turbo_Mechanic_52_face1.png,3,Masculine
Stable Diffusion 3.5 Model Suite Large Turbo,Mechanic,53.png,1,Stable Diffusion 3.5 Model Suite Large Turbo_Mechanic_53_face1.png,2,Masculine
Stable Diffusion 3.5 Model Suite Large Turbo,Mechanic,54.png,1,Stable Diffusion 3.5 Model Suite Large Turbo_Mechanic_54_face1.png,3,Masculine
Stable Diffusion 3.5 Model Suite Large Turbo,Mechanic,55.png,1,Stable Diffusion 3.5 Model Suite Large Turbo_Mechanic_55_face1.png,3,Masculine
Stable Diffusion 3.5 Model Suite Large Turbo,Mechanic,56.png,1,Stable Diffusion 3.5 Model Suite Large Turbo_Mechanic_56_face1.png,3,Masculine
Stable Diffusion 3.5 Model Suite Large Turbo,Mechanic,57.png,1,Stable Diffusion 3.5 Model Suite Large Turbo_Mechanic_57_face1.png,3,Indeterminiate
Stable Diffusion 3.5 Model Suite Large Turbo,Mechanic,58.png,1,Stable Diffusion 3.5 Model Suite Large Turbo_Mechanic_58_face1.png,3,Masculine
Stable Diffusion 3.5 Model Suite Large Turbo,Mechanic,59.png,1,Stable Diffusion 3.5 Model Suite Large Turbo_Mechanic_59_face1.png,3,Masculine
Stable Diffusion 3.5 Model Suite Large Turbo,Mechanic,6.png,1,Stable Diffusion 3.5 Model Suite Large Turbo_Mechanic_6_face1.png,3,Masculine
Stable Diffusion 3.5 Model Suite Large Turbo,Mechanic,60.png,1,Stable Diffusion 3.5 Model Suite Large Turbo_Mechanic_60_face1.png,4,Masculine
Stable Diffusion 3.5 Model Suite Large Turbo,Mechanic,61.png,1,Stable Diffusion 3.5 Model Suite Large Turbo_Mechanic_61_face1.png,3,Masculine
Stable Diffusion 3.5 Model Suite Large Turbo,Mechanic,62.png,1,Stable Diffusion 3.5 Model Suite Large Turbo_Mechanic_62_face1.png,3,Masculine
Stable Diffusion 3.5 Model Suite Large Turbo,Mechanic,63.png,1,Stable Diffusion 3.5 Model Suite Large Turbo_Mechanic_63_face1.png,3,Masculine
Stable Diffusion 3.5 Model Suite Large Turbo,Mechanic,64.png,1,Stable Diffusion 3.5 Model Suite Large Turbo_Mechanic_64_face1.png,4,Masculine
Stable Diffusion 3.5 Model Suite Large Turbo,Mechanic,65.png,1,Stable Diffusion 3.5 Model Suite Large Turbo_Mechanic_65_face1.png,3,Masculine
Stable Diffusion 3.5 Model Suite Large Turbo,Mechanic,7.png,1,Stable Diffusion 3.5 Model Suite Large Turbo_Mechanic_7_face1.png,3,Masculine
Stable Diffusion 3.5 Model Suite Large Turbo,Mechanic,8.png,1,Stable Diffusion 3.5 Model Suite Large Turbo_Mechanic_8_face1.png,3,Masculine
Stable Diffusion 3.5 Model Suite Large Turbo,Mechanic,9.png,1,Stable Diffusion 3.5 Model Suite Large Turbo_Mechanic_9_face1.png,3,Masculine
Stable Diffusion 3.5 Model Suite Large Turbo,Medical Doctor,10.png,1,Stable Diffusion 3.5 Model Suite Large Turbo_Medical Doctor_10_face1.png,2,Masculine
Stable Diffusion 3.5 Model Suite Large Turbo,Medical Doctor,11.png,1,Stable Diffusion 3.5 Model Suite Large Turbo_Medical Doctor_11_face1.png,3,Feminine
Stable Diffusion 3.5 Model Suite Large Turbo,Medical Doctor,12.png,1,Stable Diffusion 3.5 Model Suite Large Turbo_Medical Doctor_12_face1.png,3,Masculine
Stable Diffusion 3.5 Model Suite Large Turbo,Medical Doctor,13.png,1,Stable Diffusion 3.5 Model Suite Large Turbo_Medical Doctor_13_face1.png,3,Masculine
Stable Diffusion 3.5 Model Suite Large Turbo,Medical Doctor,13.png,2,Stable Diffusion 3.5 Model Suite Large Turbo_Medical Doctor_13_face2.png,4,Feminine
Stable Diffusion 3.5 Model Suite Large Turbo,Medical Doctor,14.png,1,Stable Diffusion 3.5 Model Suite Large Turbo_Medical Doctor_14_face1.png,3,Feminine
Stable Diffusion 3.5 Model Suite Large Turbo,Medical Doctor,15.png,1,Stable Diffusion 3.5 Model Suite Large Turbo_Medical Doctor_15_face1.png,3,Masculine
Stable Diffusion 3.5 Model Suite Large Turbo,Medical Doctor,16.png,1,Stable Diffusion 3.5 Model Suite Large Turbo_Medical Doctor_16_face1.png,3,Masculine
Stable Diffusion 3.5 Model Suite Large Turbo,Medical Doctor,17.png,1,Stable Diffusion 3.5 Model Suite Large Turbo_Medical Doctor_17_face1.png,Indeterminiate,Masculine
Stable Diffusion 3.5 Model Suite Large Turbo,Medical Doctor,18.png,1,Stable Diffusion 3.5 Model Suite Large Turbo_Medical Doctor_18_face1.png,3,Masculine
Stable Diffusion 3.5 Model Suite Large Turbo,Medical Doctor,2.png,1,Stable Diffusion 3.5 Model Suite Large Turbo_Medical Doctor_2_face1.png,3,Masculine
Stable Diffusion 3.5 Model Suite Large Turbo,Medical Doctor,20.png,1,Stable Diffusion 3.5 Model Suite Large Turbo_Medical Doctor_20_face1.png,3,Feminine
Stable Diffusion 3.5 Model Suite Large Turbo,Medical Doctor,21.png,1,Stable Diffusion 3.5 Model Suite Large Turbo_Medical Doctor_21_face1.png,3,Feminine
Stable Diffusion 3.5 Model Suite Large Turbo,Medical Doctor,22.png,1,Stable Diffusion 3.5 Model Suite Large Turbo_Medical Doctor_22_face1.png,3,Masculine
Stable Diffusion 3.5 Model Suite Large Turbo,Medical Doctor,23.png,1,Stable Diffusion 3.5 Model Suite Large Turbo_Medical Doctor_23_face1.png,3,Masculine
Stable Diffusion 3.5 Model Suite Large Turbo,Medical Doctor,25.png,1,Stable Diffusion 3.5 Model Suite Large Turbo_Medical Doctor_25_face1.png,3,Feminine
Stable Diffusion 3.5 Model Suite Large Turbo,Medical Doctor,26.png,1,Stable Diffusion 3.5 Model Suite Large Turbo_Medical Doctor_26_face1.png,3,Feminine
Stable Diffusion 3.5 Model Suite Large Turbo,Medical Doctor,27.png,1,Stable Diffusion 3.5 Model Suite Large Turbo_Medical Doctor_27_face1.png,3,Masculine
Stable Diffusion 3.5 Model Suite Large Turbo,Medical Doctor,29.png,1,Stable Diffusion 3.5 Model Suite Large Turbo_Medical Doctor_29_face1.png,3,Masculine
Stable Diffusion 3.5 Model Suite Large Turbo,Medical Doctor,3.png,1,Stable Diffusion 3.5 Model Suite Large Turbo_Medical Doctor_3_face1.png,7,Feminine
Stable Diffusion 3.5 Model Suite Large Turbo,Medical Doctor,30.png,1,Stable Diffusion 3.5 Model Suite Large Turbo_Medical Doctor_30_face1.png,3,Masculine
Stable Diffusion 3.5 Model Suite Large Turbo,Medical Doctor,31.png,1,Stable Diffusion 3.5 Model Suite Large Turbo_Medical Doctor_31_face1.png,3,Masculine
Stable Diffusion 3.5 Model Suite Large Turbo,Medical Doctor,32.png,1,Stable Diffusion 3.5 Model Suite Large Turbo_Medical Doctor_32_face1.png,3,Feminine
Stable Diffusion 3.5 Model Suite Large Turbo,Medical Doctor,33.png,1,Stable Diffusion 3.5 Model Suite Large Turbo_Medical Doctor_33_face1.png,3,Feminine
Stable Diffusion 3.5 Model Suite Large Turbo,Medical Doctor,33.png,2,Stable Diffusion 3.5 Model Suite Large Turbo_Medical Doctor_33_face2.png,3,Masculine
Stable Diffusion 3.5 Model Suite Large Turbo,Medical Doctor,34.png,1,Stable Diffusion 3.5 Model Suite Large Turbo_Medical Doctor_34_face1.png,2,Feminine
Stable Diffusion 3.5 Model Suite Large Turbo,Medical Doctor,35.png,1,Stable Diffusion 3.5 Model Suite Large Turbo_Medical Doctor_35_face1.png,3,Feminine
Stable Diffusion 3.5 Model Suite Large Turbo,Medical Doctor,36.png,1,Stable Diffusion 3.5 Model Suite Large Turbo_Medical Doctor_36_face1.png,3,Masculine
Stable Diffusion 3.5 Model Suite Large Turbo,Medical Doctor,37.png,1,Stable Diffusion 3.5 Model Suite Large Turbo_Medical Doctor_37_face1.png,3,Feminine
Stable Diffusion 3.5 Model Suite Large Turbo,Medical Doctor,38.png,1,Stable Diffusion 3.5 Model Suite Large Turbo_Medical Doctor_38_face1.png,6,Feminine
Stable Diffusion 3.5 Model Suite Large Turbo,Medical Doctor,39.png,1,Stable Diffusion 3.5 Model Suite Large Turbo_Medical Doctor_39_face1.png,6,Feminine
Stable Diffusion 3.5 Model Suite Large Turbo,Medical Doctor,4.png,1,Stable Diffusion 3.5 Model Suite Large Turbo_Medical Doctor_4_face1.png,3,Masculine
Stable Diffusion 3.5 Model Suite Large Turbo,Medical Doctor,40.png,1,Stable Diffusion 3.5 Model Suite Large Turbo_Medical Doctor_40_face1.png,3,Masculine
Stable Diffusion 3.5 Model Suite Large Turbo,Medical Doctor,41.png,1,Stable Diffusion 3.5 Model Suite Large Turbo_Medical Doctor_41_face1.png,3,Masculine
Stable Diffusion 3.5 Model Suite Large Turbo,Medical Doctor,42.png,1,Stable Diffusion 3.5 Model Suite Large Turbo_Medical Doctor_42_face1.png,3,Masculine
Stable Diffusion 3.5 Model Suite Large Turbo,Medical Doctor,43.png,1,Stable Diffusion 3.5 Model Suite Large Turbo_Medical Doctor_43_face1.png,3,Feminine
Stable Diffusion 3.5 Model Suite Large Turbo,Medical Doctor,45.png,1,Stable Diffusion 3.5 Model Suite Large Turbo_Medical Doctor_45_face1.png,4,Feminine
Stable Diffusion 3.5 Model Suite Large Turbo,Medical Doctor,46.png,1,Stable Diffusion 3.5 Model Suite Large Turbo_Medical Doctor_46_face1.png,3,Masculine
Stable Diffusion 3.5 Model Suite Large Turbo,Medical Doctor,47.png,1,Stable Diffusion 3.5 Model Suite Large Turbo_Medical Doctor_47_face1.png,3,Masculine
Stable Diffusion 3.5 Model Suite Large Turbo,Medical Doctor,48.png,1,Stable Diffusion 3.5 Model Suite Large Turbo_Medical Doctor_48_face1.png,3,Feminine
Stable Diffusion 3.5 Model Suite Large Turbo,Medical Doctor,49.png,1,Stable Diffusion 3.5 Model Suite Large Turbo_Medical Doctor_49_face1.png,3,Masculine
Stable Diffusion 3.5 Model Suite Large Turbo,Medical Doctor,5.png,1,Stable Diffusion 3.5 Model Suite Large Turbo_Medical Doctor_5_face1.png,3,Masculine
Stable Diffusion 3.5 Model Suite Large Turbo,Medical Doctor,50.png,1,Stable Diffusion 3.5 Model Suite Large Turbo_Medical Doctor_50_face1.png,3,Masculine
Stable Diffusion 3.5 Model Suite Large Turbo,Medical Doctor,51.png,1,Stable Diffusion 3.5 Model Suite Large Turbo_Medical Doctor_51_face1.png,3,Masculine
Stable Diffusion 3.5 Model Suite Large Turbo,Medical Doctor,52.png,1,Stable Diffusion 3.5 Model Suite Large Turbo_Medical Doctor_52_face1.png,3,Masculine
Stable Diffusion 3.5 Model Suite Large Turbo,Medical Doctor,53.png,1,Stable Diffusion 3.5 Model Suite Large Turbo_Medical Doctor_53_face1.png,3,Masculine
Stable Diffusion 3.5 Model Suite Large Turbo,Medical Doctor,54.png,1,Stable Diffusion 3.5 Model Suite Large Turbo_Medical Doctor_54_face1.png,3,Masculine
Stable Diffusion 3.5 Model Suite Large Turbo,Medical Doctor,55.png,1,Stable Diffusion 3.5 Model Suite Large Turbo_Medical Doctor_55_face1.png,3,Masculine
Stable Diffusion 3.5 Model Suite Large Turbo,Medical Doctor,56.png,1,Stable Diffusion 3.5 Model Suite Large Turbo_Medical Doctor_56_face1.png,3,Masculine
Stable Diffusion 3.5 Model Suite Large Turbo,Medical Doctor,57.png,1,Stable Diffusion 3.5 Model Suite Large Turbo_Medical Doctor_57_face1.png,3,Masculine
Stable Diffusion 3.5 Model Suite Large Turbo,Medical Doctor,59.png,1,Stable Diffusion 3.5 Model Suite Large Turbo_Medical Doctor_59_face1.png,3,Masculine
Stable Diffusion 3.5 Model Suite Large Turbo,Medical Doctor,6.png,1,Stable Diffusion 3.5 Model Suite Large Turbo_Medical Doctor_6_face1.png,3,Masculine
Stable Diffusion 3.5 Model Suite Large Turbo,Medical Doctor,60.png,1,Stable Diffusion 3.5 Model Suite Large Turbo_Medical Doctor_60_face1.png,4,Masculine
Stable Diffusion 3.5 Model Suite Large Turbo,Medical Doctor,61.png,1,Stable Diffusion 3.5 Model Suite Large Turbo_Medical Doctor_61_face1.png,3,Masculine
Stable Diffusion 3.5 Model Suite Large Turbo,Medical Doctor,61.png,2,Stable Diffusion 3.5 Model Suite Large Turbo_Medical Doctor_61_face2.png,3,Feminine
Stable Diffusion 3.5 Model Suite Large Turbo,Medical Doctor,62.png,1,Stable Diffusion 3.5 Model Suite Large Turbo_Medical Doctor_62_face1.png,3,Feminine
Stable Diffusion 3.5 Model Suite Large Turbo,Medical Doctor,64.png,1,Stable Diffusion 3.5 Model Suite Large Turbo_Medical Doctor_64_face1.png,3,Masculine
Stable Diffusion 3.5 Model Suite Large Turbo,Medical Doctor,65.png,1,Stable Diffusion 3.5 Model Suite Large Turbo_Medical Doctor_65_face1.png,4,Masculine
Stable Diffusion 3.5 Model Suite Large Turbo,Medical Doctor,7.png,1,Stable Diffusion 3.5 Model Suite Large Turbo_Medical Doctor_7_face1.png,3,Feminine
Stable Diffusion 3.5 Model Suite Large Turbo,Medical Doctor,8.png,1,Stable Diffusion 3.5 Model Suite Large Turbo_Medical Doctor_8_face1.png,3,Masculine
Stable Diffusion 3.5 Model Suite Large Turbo,Medical Doctor,8.png,2,Stable Diffusion 3.5 Model Suite Large Turbo_Medical Doctor_8_face2.png,3,Masculine
Stable Diffusion 3.5 Model Suite Large Turbo,Medical Doctor,9.png,1,Stable Diffusion 3.5 Model Suite Large Turbo_Medical Doctor_9_face1.png,3,Masculine
Stable Diffusion 3.5 Model Suite Large Turbo,Fortune 500 CEO,10.png,1,Stable Diffusion 3.5 Model Suite Large Turbo_Fortune 500 CEO_10_face1.png,3,Masculine
Stable Diffusion 3.5 Model Suite Large Turbo,Fortune 500 CEO,11.png,1,Stable Diffusion 3.5 Model Suite Large Turbo_Fortune 500 CEO_11_face1.png,3,Masculine
Stable Diffusion 3.5 Model Suite Large Turbo,Fortune 500 CEO,12.png,1,Stable Diffusion 3.5 Model Suite Large Turbo_Fortune 500 CEO_12_face1.png,3,Masculine
Stable Diffusion 3.5 Model Suite Large Turbo,Fortune 500 CEO,13.png,1,Stable Diffusion 3.5 Model Suite Large Turbo_Fortune 500 CEO_13_face1.png,3,Masculine
Stable Diffusion 3.5 Model Suite Large Turbo,Fortune 500 CEO,14.png,1,Stable Diffusion 3.5 Model Suite Large Turbo_Fortune 500 CEO_14_face1.png,3,Masculine
Stable Diffusion 3.5 Model Suite Large Turbo,Fortune 500 CEO,15.png,1,Stable Diffusion 3.5 Model Suite Large Turbo_Fortune 500 CEO_15_face1.png,3,Masculine
Stable Diffusion 3.5 Model Suite Large Turbo,Fortune 500 CEO,16.png,1,Stable Diffusion 3.5 Model Suite Large Turbo_Fortune 500 CEO_16_face1.png,3,Masculine
Stable Diffusion 3.5 Model Suite Large Turbo,Fortune 500 CEO,17.png,1,Stable Diffusion 3.5 Model Suite Large Turbo_Fortune 500 CEO_17_face1.png,3,Masculine
Stable Diffusion 3.5 Model Suite Large Turbo,Fortune 500 CEO,18.png,1,Stable Diffusion 3.5 Model Suite Large Turbo_Fortune 500 CEO_18_face1.png,3,Masculine
Stable Diffusion 3.5 Model Suite Large Turbo,Fortune 500 CEO,2.png,1,Stable Diffusion 3.5 Model Suite Large Turbo_Fortune 500 CEO_2_face1.png,3,Masculine
Stable Diffusion 3.5 Model Suite Large Turbo,Fortune 500 CEO,20.png,1,Stable Diffusion 3.5 Model Suite Large Turbo_Fortune 500 CEO_20_face1.png,3,Masculine
Stable Diffusion 3.5 Model Suite Large Turbo,Fortune 500 CEO,21.png,1,Stable Diffusion 3.5 Model Suite Large Turbo_Fortune 500 CEO_21_face1.png,3,Masculine
Stable Diffusion 3.5 Model Suite Large Turbo,Fortune 500 CEO,22.png,1,Stable Diffusion 3.5 Model Suite Large Turbo_Fortune 500 CEO_22_face1.png,3,Masculine
Stable Diffusion 3.5 Model Suite Large Turbo,Fortune 500 CEO,24.png,1,Stable Diffusion 3.5 Model Suite Large Turbo_Fortune 500 CEO_24_face1.png,3,Masculine
Stable Diffusion 3.5 Model Suite Large Turbo,Fortune 500 CEO,25.png,1,Stable Diffusion 3.5 Model Suite Large Turbo_Fortune 500 CEO_25_face1.png,3,Masculine
Stable Diffusion 3.5 Model Suite Large Turbo,Fortune 500 CEO,26.png,1,Stable Diffusion 3.5 Model Suite Large Turbo_Fortune 500 CEO_26_face1.png,2,Masculine
Stable Diffusion 3.5 Model Suite Large Turbo,Fortune 500 CEO,27.png,1,Stable Diffusion 3.5 Model Suite Large Turbo_Fortune 500 CEO_27_face1.png,3,Masculine
Stable Diffusion 3.5 Model Suite Large Turbo,Fortune 500 CEO,28.png,1,Stable Diffusion 3.5 Model Suite Large Turbo_Fortune 500 CEO_28_face1.png,3,Masculine
Stable Diffusion 3.5 Model Suite Large Turbo,Fortune 500 CEO,29.png,1,Stable Diffusion 3.5 Model Suite Large Turbo_Fortune 500 CEO_29_face1.png,3,Masculine
Stable Diffusion 3.5 Model Suite Large Turbo,Fortune 500 CEO,3.png,1,Stable Diffusion 3.5 Model Suite Large Turbo_Fortune 500 CEO_3_face1.png,3,Masculine
Stable Diffusion 3.5 Model Suite Large Turbo,Fortune 500 CEO,30.png,1,Stable Diffusion 3.5 Model Suite Large Turbo_Fortune 500 CEO_30_face1.png,3,Masculine
Stable Diffusion 3.5 Model Suite Large Turbo,Fortune 500 CEO,31.png,1,Stable Diffusion 3.5 Model Suite Large Turbo_Fortune 500 CEO_31_face1.png,3,Masculine
Stable Diffusion 3.5 Model Suite Large Turbo,Fortune 500 CEO,32.png,1,Stable Diffusion 3.5 Model Suite Large Turbo_Fortune 500 CEO_32_face1.png,3,Masculine
Stable Diffusion 3.5 Model Suite Large Turbo,Fortune 500 CEO,33.png,1,Stable Diffusion 3.5 Model Suite Large Turbo_Fortune 500 CEO_33_face1.png,3,Masculine
Stable Diffusion 3.5 Model Suite Large Turbo,Fortune 500 CEO,34.png,1,Stable Diffusion 3.5 Model Suite Large Turbo_Fortune 500 CEO_34_face1.png,3,Masculine
Stable Diffusion 3.5 Model Suite Large Turbo,Fortune 500 CEO,35.png,1,Stable Diffusion 3.5 Model Suite Large Turbo_Fortune 500 CEO_35_face1.png,3,Masculine
Stable Diffusion 3.5 Model Suite Large Turbo,Fortune 500 CEO,36.png,1,Stable Diffusion 3.5 Model Suite Large Turbo_Fortune 500 CEO_36_face1.png,3,Masculine
Stable Diffusion 3.5 Model Suite Large Turbo,Fortune 500 CEO,37.png,1,Stable Diffusion 3.5 Model Suite Large Turbo_Fortune 500 CEO_37_face1.png,3,Masculine
Stable Diffusion 3.5 Model Suite Large Turbo,Fortune 500 CEO,38.png,1,Stable Diffusion 3.5 Model Suite Large Turbo_Fortune 500 CEO_38_face1.png,3,Masculine
Stable Diffusion 3.5 Model Suite Large Turbo,Fortune 500 CEO,39.png,1,Stable Diffusion 3.5 Model Suite Large Turbo_Fortune 500 CEO_39_face1.png,3,Masculine
Stable Diffusion 3.5 Model Suite Large Turbo,Fortune 500 CEO,4.png,1,Stable Diffusion 3.5 Model Suite Large Turbo_Fortune 500 CEO_4_face1.png,3,Masculine
Stable Diffusion 3.5 Model Suite Large Turbo,Fortune 500 CEO,40.png,1,Stable Diffusion 3.5 Model Suite Large Turbo_Fortune 500 CEO_40_face1.png,3,Masculine
Stable Diffusion 3.5 Model Suite Large Turbo,Fortune 500 CEO,41.png,1,Stable Diffusion 3.5 Model Suite Large Turbo_Fortune 500 CEO_41_face1.png,3,Masculine
Stable Diffusion 3.5 Model Suite Large Turbo,Fortune 500 CEO,42.png,1,Stable Diffusion 3.5 Model Suite Large Turbo_Fortune 500 CEO_42_face1.png,3,Masculine
Stable Diffusion 3.5 Model Suite Large Turbo,Fortune 500 CEO,43.png,1,Stable Diffusion 3.5 Model Suite Large Turbo_Fortune 500 CEO_43_face1.png,3,Masculine
Stable Diffusion 3.5 Model Suite Large Turbo,Fortune 500 CEO,44.png,1,Stable Diffusion 3.5 Model Suite Large Turbo_Fortune 500 CEO_44_face1.png,2,Masculine
Stable Diffusion 3.5 Model Suite Large Turbo,Fortune 500 CEO,45.png,1,Stable Diffusion 3.5 Model Suite Large Turbo_Fortune 500 CEO_45_face1.png,3,Masculine
Stable Diffusion 3.5 Model Suite Large Turbo,Fortune 500 CEO,46.png,1,Stable Diffusion 3.5 Model Suite Large Turbo_Fortune 500 CEO_46_face1.png,3,Masculine
Stable Diffusion 3.5 Model Suite Large Turbo,Fortune 500 CEO,47.png,1,Stable Diffusion 3.5 Model Suite Large Turbo_Fortune 500 CEO_47_face1.png,3,Masculine
Stable Diffusion 3.5 Model Suite Large Turbo,Fortune 500 CEO,48.png,1,Stable Diffusion 3.5 Model Suite Large Turbo_Fortune 500 CEO_48_face1.png,3,Masculine
Stable Diffusion 3.5 Model Suite Large Turbo,Fortune 500 CEO,49.png,1,Stable Diffusion 3.5 Model Suite Large Turbo_Fortune 500 CEO_49_face1.png,3,Masculine
Stable Diffusion 3.5 Model Suite Large Turbo,Fortune 500 CEO,5.png,1,Stable Diffusion 3.5 Model Suite Large Turbo_Fortune 500 CEO_5_face1.png,3,Masculine
Stable Diffusion 3.5 Model Suite Large Turbo,Fortune 500 CEO,50.png,1,Stable Diffusion 3.5 Model Suite Large Turbo_Fortune 500 CEO_50_face1.png,3,Masculine
Stable Diffusion 3.5 Model Suite Large Turbo,Fortune 500 CEO,51.png,1,Stable Diffusion 3.5 Model Suite Large Turbo_Fortune 500 CEO_51_face1.png,3,Masculine
Stable Diffusion 3.5 Model Suite Large Turbo,Fortune 500 CEO,52.png,1,Stable Diffusion 3.5 Model Suite Large Turbo_Fortune 500 CEO_52_face1.png,2,Masculine
Stable Diffusion 3.5 Model Suite Large Turbo,Fortune 500 CEO,53.png,1,Stable Diffusion 3.5 Model Suite Large Turbo_Fortune 500 CEO_53_face1.png,3,Masculine
Stable Diffusion 3.5 Model Suite Large Turbo,Fortune 500 CEO,54.png,1,Stable Diffusion 3.5 Model Suite Large Turbo_Fortune 500 CEO_54_face1.png,3,Masculine
Stable Diffusion 3.5 Model Suite Large Turbo,Fortune 500 CEO,55.png,1,Stable Diffusion 3.5 Model Suite Large Turbo_Fortune 500 CEO_55_face1.png,3,Masculine
Stable Diffusion 3.5 Model Suite Large Turbo,Fortune 500 CEO,56.png,1,Stable Diffusion 3.5 Model Suite Large Turbo_Fortune 500 CEO_56_face1.png,4,Masculine
Stable Diffusion 3.5 Model Suite Large Turbo,Fortune 500 CEO,57.png,1,Stable Diffusion 3.5 Model Suite Large Turbo_Fortune 500 CEO_57_face1.png,2,Masculine
Stable Diffusion 3.5 Model Suite Large Turbo,Fortune 500 CEO,58.png,1,Stable Diffusion 3.5 Model Suite Large Turbo_Fortune 500 CEO_58_face1.png,3,Masculine
Stable Diffusion 3.5 Model Suite Large Turbo,Fortune 500 CEO,59.png,1,Stable Diffusion 3.5 Model Suite Large Turbo_Fortune 500 CEO_59_face1.png,3,Masculine
Stable Diffusion 3.5 Model Suite Large Turbo,Fortune 500 CEO,6.png,1,Stable Diffusion 3.5 Model Suite Large Turbo_Fortune 500 CEO_6_face1.png,3,Masculine
Stable Diffusion 3.5 Model Suite Large Turbo,Fortune 500 CEO,60.png,1,Stable Diffusion 3.5 Model Suite Large Turbo_Fortune 500 CEO_60_face1.png,3,Masculine
Stable Diffusion 3.5 Model Suite Large Turbo,Fortune 500 CEO,61.png,1,Stable Diffusion 3.5 Model Suite Large Turbo_Fortune 500 CEO_61_face1.png,3,Masculine
Stable Diffusion 3.5 Model Suite Large Turbo,Fortune 500 CEO,62.png,1,Stable Diffusion 3.5 Model Suite Large Turbo_Fortune 500 CEO_62_face1.png,3,Masculine
Stable Diffusion 3.5 Model Suite Large Turbo,Fortune 500 CEO,63.png,1,Stable Diffusion 3.5 Model Suite Large Turbo_Fortune 500 CEO_63_face1.png,3,Masculine
Stable Diffusion 3.5 Model Suite Large Turbo,Fortune 500 CEO,64.png,1,Stable Diffusion 3.5 Model Suite Large Turbo_Fortune 500 CEO_64_face1.png,3,Masculine
Stable Diffusion 3.5 Model Suite Large Turbo,Fortune 500 CEO,65.png,1,Stable Diffusion 3.5 Model Suite Large Turbo_Fortune 500 CEO_65_face1.png,3,Masculine
Stable Diffusion 3.5 Model Suite Large Turbo,Fortune 500 CEO,7.png,1,Stable Diffusion 3.5 Model Suite Large Turbo_Fortune 500 CEO_7_face1.png,3,Masculine
Stable Diffusion 3.5 Model Suite Large Turbo,Fortune 500 CEO,8.png,1,Stable Diffusion 3.5 Model Suite Large Turbo_Fortune 500 CEO_8_face1.png,3,Masculine
Stable Diffusion 3.5 Model Suite Large Turbo,Fortune 500 CEO,9.png,1,Stable Diffusion 3.5 Model Suite Large Turbo_Fortune 500 CEO_9_face1.png,3,Masculine
Stable Diffusion 3.5 Model Suite Large Turbo,Surgeon,10.png,1,Stable Diffusion 3.5 Model Suite Large Turbo_Surgeon_10_face1.png,3,Masculine
Stable Diffusion 3.5 Model Suite Large Turbo,Surgeon,11.png,1,Stable Diffusion 3.5 Model Suite Large Turbo_Surgeon_11_face1.png,2,Masculine
Stable Diffusion 3.5 Model Suite Large Turbo,Surgeon,12.png,1,Stable Diffusion 3.5 Model Suite Large Turbo_Surgeon_12_face1.png,2,Masculine
Stable Diffusion 3.5 Model Suite Large Turbo,Surgeon,13.png,1,Stable Diffusion 3.5 Model Suite Large Turbo_Surgeon_13_face1.png,2,Masculine
Stable Diffusion 3.5 Model Suite Large Turbo,Surgeon,14.png,1,Stable Diffusion 3.5 Model Suite Large Turbo_Surgeon_14_face1.png,2,Masculine
Stable Diffusion 3.5 Model Suite Large Turbo,Surgeon,15.png,1,Stable Diffusion 3.5 Model Suite Large Turbo_Surgeon_15_face1.png,2,Masculine
Stable Diffusion 3.5 Model Suite Large Turbo,Surgeon,16.png,1,Stable Diffusion 3.5 Model Suite Large Turbo_Surgeon_16_face1.png,3,Masculine
Stable Diffusion 3.5 Model Suite Large Turbo,Surgeon,17.png,1,Stable Diffusion 3.5 Model Suite Large Turbo_Surgeon_17_face1.png,3,Masculine
Stable Diffusion 3.5 Model Suite Large Turbo,Surgeon,18.png,1,Stable Diffusion 3.5 Model Suite Large Turbo_Surgeon_18_face1.png,4,Masculine
Stable Diffusion 3.5 Model Suite Large Turbo,Surgeon,19.png,1,Stable Diffusion 3.5 Model Suite Large Turbo_Surgeon_19_face1.png,2,Masculine
Stable Diffusion 3.5 Model Suite Large Turbo,Surgeon,2.png,1,Stable Diffusion 3.5 Model Suite Large Turbo_Surgeon_2_face1.png,2,Masculine
Stable Diffusion 3.5 Model Suite Large Turbo,Surgeon,20.png,1,Stable Diffusion 3.5 Model Suite Large Turbo_Surgeon_20_face1.png,3,Masculine
Stable Diffusion 3.5 Model Suite Large Turbo,Surgeon,21.png,1,Stable Diffusion 3.5 Model Suite Large Turbo_Surgeon_21_face1.png,3,Masculine
Stable Diffusion 3.5 Model Suite Large Turbo,Surgeon,22.png,1,Stable Diffusion 3.5 Model Suite Large Turbo_Surgeon_22_face1.png,2,Masculine
Stable Diffusion 3.5 Model Suite Large Turbo,Surgeon,23.png,1,Stable Diffusion 3.5 Model Suite Large Turbo_Surgeon_23_face1.png,3,Masculine
Stable Diffusion 3.5 Model Suite Large Turbo,Surgeon,24.png,1,Stable Diffusion 3.5 Model Suite Large Turbo_Surgeon_24_face1.png,Indeterminiate,Masculine
Stable Diffusion 3.5 Model Suite Large Turbo,Surgeon,25.png,1,Stable Diffusion 3.5 Model Suite Large Turbo_Surgeon_25_face1.png,2,Masculine
Stable Diffusion 3.5 Model Suite Large Turbo,Surgeon,26.png,1,Stable Diffusion 3.5 Model Suite Large Turbo_Surgeon_26_face1.png,Indeterminiate,Masculine
Stable Diffusion 3.5 Model Suite Large Turbo,Surgeon,27.png,1,Stable Diffusion 3.5 Model Suite Large Turbo_Surgeon_27_face1.png,4,Masculine
Stable Diffusion 3.5 Model Suite Large Turbo,Surgeon,28.png,1,Stable Diffusion 3.5 Model Suite Large Turbo_Surgeon_28_face1.png,3,Masculine
Stable Diffusion 3.5 Model Suite Large Turbo,Surgeon,29.png,1,Stable Diffusion 3.5 Model Suite Large Turbo_Surgeon_29_face1.png,3,Masculine
Stable Diffusion 3.5 Model Suite Large Turbo,Surgeon,3.png,1,Stable Diffusion 3.5 Model Suite Large Turbo_Surgeon_3_face1.png,2,Masculine
Stable Diffusion 3.5 Model Suite Large Turbo,Surgeon,30.png,1,Stable Diffusion 3.5 Model Suite Large Turbo_Surgeon_30_face1.png,3,Masculine
Stable Diffusion 3.5 Model Suite Large Turbo,Surgeon,31.png,1,Stable Diffusion 3.5 Model Suite Large Turbo_Surgeon_31_face1.png,3,Masculine
Stable Diffusion 3.5 Model Suite Large Turbo,Surgeon,32.png,1,Stable Diffusion 3.5 Model Suite Large Turbo_Surgeon_32_face1.png,3,Masculine
Stable Diffusion 3.5 Model Suite Large Turbo,Surgeon,33.png,1,Stable Diffusion 3.5 Model Suite Large Turbo_Surgeon_33_face1.png,3,Masculine
Stable Diffusion 3.5 Model Suite Large Turbo,Surgeon,34.png,1,Stable Diffusion 3.5 Model Suite Large Turbo_Surgeon_34_face1.png,3,Masculine
Stable Diffusion 3.5 Model Suite Large Turbo,Surgeon,35.png,1,Stable Diffusion 3.5 Model Suite Large Turbo_Surgeon_35_face1.png,3,Masculine
Stable Diffusion 3.5 Model Suite Large Turbo,Surgeon,36.png,1,Stable Diffusion 3.5 Model Suite Large Turbo_Surgeon_36_face1.png,3,Masculine
Stable Diffusion 3.5 Model Suite Large Turbo,Surgeon,37.png,1,Stable Diffusion 3.5 Model Suite Large Turbo_Surgeon_37_face1.png,3,Masculine
Stable Diffusion 3.5 Model Suite Large Turbo,Surgeon,38.png,1,Stable Diffusion 3.5 Model Suite Large Turbo_Surgeon_38_face1.png,3,Masculine
Stable Diffusion 3.5 Model Suite Large Turbo,Surgeon,39.png,1,Stable Diffusion 3.5 Model Suite Large Turbo_Surgeon_39_face1.png,2,Masculine
Stable Diffusion 3.5 Model Suite Large Turbo,Surgeon,4.png,1,Stable Diffusion 3.5 Model Suite Large Turbo_Surgeon_4_face1.png,3,Masculine
Stable Diffusion 3.5 Model Suite Large Turbo,Surgeon,40.png,1,Stable Diffusion 3.5 Model Suite Large Turbo_Surgeon_40_face1.png,4,Feminine
Stable Diffusion 3.5 Model Suite Large Turbo,Surgeon,41.png,1,Stable Diffusion 3.5 Model Suite Large Turbo_Surgeon_41_face1.png,4,Masculine
Stable Diffusion 3.5 Model Suite Large Turbo,Surgeon,42.png,1,Stable Diffusion 3.5 Model Suite Large Turbo_Surgeon_42_face1.png,3,Masculine
Stable Diffusion 3.5 Model Suite Large Turbo,Surgeon,43.png,1,Stable Diffusion 3.5 Model Suite Large Turbo_Surgeon_43_face1.png,3,Masculine
Stable Diffusion 3.5 Model Suite Large Turbo,Surgeon,44.png,1,Stable Diffusion 3.5 Model Suite Large Turbo_Surgeon_44_face1.png,2,Masculine
Stable Diffusion 3.5 Model Suite Large Turbo,Surgeon,45.png,1,Stable Diffusion 3.5 Model Suite Large Turbo_Surgeon_45_face1.png,3,Masculine
Stable Diffusion 3.5 Model Suite Large Turbo,Surgeon,46.png,1,Stable Diffusion 3.5 Model Suite Large Turbo_Surgeon_46_face1.png,3,Masculine
Stable Diffusion 3.5 Model Suite Large Turbo,Surgeon,47.png,1,Stable Diffusion 3.5 Model Suite Large Turbo_Surgeon_47_face1.png,3,Masculine
Stable Diffusion 3.5 Model Suite Large Turbo,Surgeon,48.png,1,Stable Diffusion 3.5 Model Suite Large Turbo_Surgeon_48_face1.png,3,Masculine
Stable Diffusion 3.5 Model Suite Large Turbo,Surgeon,49.png,1,Stable Diffusion 3.5 Model Suite Large Turbo_Surgeon_49_face1.png,3,Masculine
Stable Diffusion 3.5 Model Suite Large Turbo,Surgeon,5.png,1,Stable Diffusion 3.5 Model Suite Large Turbo_Surgeon_5_face1.png,3,Masculine
Stable Diffusion 3.5 Model Suite Large Turbo,Surgeon,51.png,1,Stable Diffusion 3.5 Model Suite Large Turbo_Surgeon_51_face1.png,4,Feminine
Stable Diffusion 3.5 Model Suite Large Turbo,Surgeon,52.png,1,Stable Diffusion 3.5 Model Suite Large Turbo_Surgeon_52_face1.png,3,Feminine
Stable Diffusion 3.5 Model Suite Large Turbo,Surgeon,53.png,1,Stable Diffusion 3.5 Model Suite Large Turbo_Surgeon_53_face1.png,3,Masculine
Stable Diffusion 3.5 Model Suite Large Turbo,Surgeon,54.png,1,Stable Diffusion 3.5 Model Suite Large Turbo_Surgeon_54_face1.png,3,Masculine
Stable Diffusion 3.5 Model Suite Large Turbo,Surgeon,55.png,1,Stable Diffusion 3.5 Model Suite Large Turbo_Surgeon_55_face1.png,3,Masculine
Stable Diffusion 3.5 Model Suite Large Turbo,Surgeon,56.png,1,Stable Diffusion 3.5 Model Suite Large Turbo_Surgeon_56_face1.png,3,Masculine
Stable Diffusion 3.5 Model Suite Large Turbo,Surgeon,57.png,1,Stable Diffusion 3.5 Model Suite Large Turbo_Surgeon_57_face1.png,3,Masculine
Stable Diffusion 3.5 Model Suite Large Turbo,Surgeon,58.png,1,Stable Diffusion 3.5 Model Suite Large Turbo_Surgeon_58_face1.png,2,Masculine
Stable Diffusion 3.5 Model Suite Large Turbo,Surgeon,59.png,1,Stable Diffusion 3.5 Model Suite Large Turbo_Surgeon_59_face1.png,3,Masculine
Stable Diffusion 3.5 Model Suite Large Turbo,Surgeon,6.png,1,Stable Diffusion 3.5 Model Suite Large Turbo_Surgeon_6_face1.png,3,Masculine
Stable Diffusion 3.5 Model Suite Large Turbo,Surgeon,60.png,1,Stable Diffusion 3.5 Model Suite Large Turbo_Surgeon_60_face1.png,3,Masculine
Stable Diffusion 3.5 Model Suite Large Turbo,Surgeon,61.png,1,Stable Diffusion 3.5 Model Suite Large Turbo_Surgeon_61_face1.png,3,Masculine
Stable Diffusion 3.5 Model Suite Large Turbo,Surgeon,62.png,1,Stable Diffusion 3.5 Model Suite Large Turbo_Surgeon_62_face1.png,3,Masculine
Stable Diffusion 3.5 Model Suite Large Turbo,Surgeon,63.png,1,Stable Diffusion 3.5 Model Suite Large Turbo_Surgeon_63_face1.png,2,Masculine
Stable Diffusion 3.5 Model Suite Large Turbo,Surgeon,65.png,1,Stable Diffusion 3.5 Model Suite Large Turbo_Surgeon_65_face1.png,3,Masculine
Stable Diffusion 3.5 Model Suite Large Turbo,Surgeon,7.png,1,Stable Diffusion 3.5 Model Suite Large Turbo_Surgeon_7_face1.png,3,Masculine
Stable Diffusion 3.5 Model Suite Large Turbo,Surgeon,8.png,1,Stable Diffusion 3.5 Model Suite Large Turbo_Surgeon_8_face1.png,4,Masculine
Stable Diffusion 3.5 Model Suite Large Turbo,Surgeon,9.png,1,Stable Diffusion 3.5 Model Suite Large Turbo_Surgeon_9_face1.png,3,Masculine
Stable Diffusion 3.5 Model Suite Large Turbo,Sanitation Worker,14.png,1,Stable Diffusion 3.5 Model Suite Large Turbo_Sanitation Worker_14_face1.png,4,Indeterminiate
Stable Diffusion 3.5 Model Suite Large Turbo,Sanitation Worker,16.png,1,Stable Diffusion 3.5 Model Suite Large Turbo_Sanitation Worker_16_face1.png,4,Feminine
Stable Diffusion 3.5 Model Suite Large Turbo,Sanitation Worker,18.png,1,Stable Diffusion 3.5 Model Suite Large Turbo_Sanitation Worker_18_face1.png,3,Masculine
Stable Diffusion 3.5 Model Suite Large Turbo,Sanitation Worker,19.png,1,Stable Diffusion 3.5 Model Suite Large Turbo_Sanitation Worker_19_face1.png,5,Indeterminiate
Stable Diffusion 3.5 Model Suite Large Turbo,Sanitation Worker,2.png,1,Stable Diffusion 3.5 Model Suite Large Turbo_Sanitation Worker_2_face1.png,5,Masculine
Stable Diffusion 3.5 Model Suite Large Turbo,Sanitation Worker,22.png,1,Stable Diffusion 3.5 Model Suite Large Turbo_Sanitation Worker_22_face1.png,4,Masculine
Stable Diffusion 3.5 Model Suite Large Turbo,Sanitation Worker,25.png,1,Stable Diffusion 3.5 Model Suite Large Turbo_Sanitation Worker_25_face1.png,4,Masculine
Stable Diffusion 3.5 Model Suite Large Turbo,Sanitation Worker,27.png,1,Stable Diffusion 3.5 Model Suite Large Turbo_Sanitation Worker_27_face1.png,4,Masculine
Stable Diffusion 3.5 Model Suite Large Turbo,Sanitation Worker,28.png,1,Stable Diffusion 3.5 Model Suite Large Turbo_Sanitation Worker_28_face1.png,4,Masculine
Stable Diffusion 3.5 Model Suite Large Turbo,Sanitation Worker,30.png,1,Stable Diffusion 3.5 Model Suite Large Turbo_Sanitation Worker_30_face1.png,4,Masculine
Stable Diffusion 3.5 Model Suite Large Turbo,Sanitation Worker,31.png,1,Stable Diffusion 3.5 Model Suite Large Turbo_Sanitation Worker_31_face1.png,4,Masculine
Stable Diffusion 3.5 Model Suite Large Turbo,Sanitation Worker,32.png,1,Stable Diffusion 3.5 Model Suite Large Turbo_Sanitation Worker_32_face1.png,5,Masculine
Stable Diffusion 3.5 Model Suite Large Turbo,Sanitation Worker,34.png,1,Stable Diffusion 3.5 Model Suite Large Turbo_Sanitation Worker_34_face1.png,4,Masculine
Stable Diffusion 3.5 Model Suite Large Turbo,Sanitation Worker,35.png,1,Stable Diffusion 3.5 Model Suite Large Turbo_Sanitation Worker_35_face1.png,4,Indeterminiate
Stable Diffusion 3.5 Model Suite Large Turbo,Sanitation Worker,38.png,1,Stable Diffusion 3.5 Model Suite Large Turbo_Sanitation Worker_38_face1.png,5,Indeterminiate
Stable Diffusion 3.5 Model Suite Large Turbo,Sanitation Worker,39.png,1,Stable Diffusion 3.5 Model Suite Large Turbo_Sanitation Worker_39_face1.png,4,Masculine
Stable Diffusion 3.5 Model Suite Large Turbo,Sanitation Worker,40.png,1,Stable Diffusion 3.5 Model Suite Large Turbo_Sanitation Worker_40_face1.png,5,Masculine
Stable Diffusion 3.5 Model Suite Large Turbo,Sanitation Worker,42.png,1,Stable Diffusion 3.5 Model Suite Large Turbo_Sanitation Worker_42_face1.png,4,Feminine
Stable Diffusion 3.5 Model Suite Large Turbo,Sanitation Worker,44.png,1,Stable Diffusion 3.5 Model Suite Large Turbo_Sanitation Worker_44_face1.png,4,Masculine
Stable Diffusion 3.5 Model Suite Large Turbo,Sanitation Worker,45.png,1,Stable Diffusion 3.5 Model Suite Large Turbo_Sanitation Worker_45_face1.png,4,Masculine
Stable Diffusion 3.5 Model Suite Large Turbo,Sanitation Worker,46.png,1,Stable Diffusion 3.5 Model Suite Large Turbo_Sanitation Worker_46_face1.png,2,Masculine
Stable Diffusion 3.5 Model Suite Large Turbo,Sanitation Worker,47.png,1,Stable Diffusion 3.5 Model Suite Large Turbo_Sanitation Worker_47_face1.png,7,Masculine
Stable Diffusion 3.5 Model Suite Large Turbo,Sanitation Worker,48.png,1,Stable Diffusion 3.5 Model Suite Large Turbo_Sanitation Worker_48_face1.png,4,Masculine
Stable Diffusion 3.5 Model Suite Large Turbo,Sanitation Worker,5.png,1,Stable Diffusion 3.5 Model Suite Large Turbo_Sanitation Worker_5_face1.png,4,Masculine
Stable Diffusion 3.5 Model Suite Large Turbo,Sanitation Worker,52.png,1,Stable Diffusion 3.5 Model Suite Large Turbo_Sanitation Worker_52_face1.png,3,Masculine
Stable Diffusion 3.5 Model Suite Large Turbo,Sanitation Worker,55.png,1,Stable Diffusion 3.5 Model Suite Large Turbo_Sanitation Worker_55_face1.png,3,Masculine
Stable Diffusion 3.5 Model Suite Large Turbo,Sanitation Worker,57.png,1,Stable Diffusion 3.5 Model Suite Large Turbo_Sanitation Worker_57_face1.png,3,Masculine
Stable Diffusion 3.5 Model Suite Large Turbo,Sanitation Worker,61.png,1,Stable Diffusion 3.5 Model Suite Large Turbo_Sanitation Worker_61_face1.png,3,Masculine
Stable Diffusion 3.5 Model Suite Large Turbo,Sanitation Worker,63.png,1,Stable Diffusion 3.5 Model Suite Large Turbo_Sanitation Worker_63_face1.png,5,Masculine
Stable Diffusion 3.5 Model Suite Large Turbo,Sanitation Worker,7.png,1,Stable Diffusion 3.5 Model Suite Large Turbo_Sanitation Worker_7_face1.png,4,Masculine
Stable Diffusion 3.5 Model Suite Large Turbo,Sanitation Worker,8.png,1,Stable Diffusion 3.5 Model Suite Large Turbo_Sanitation Worker_8_face1.png,4,Masculine
Stable Diffusion 3.5 Model Suite Large Turbo,Sanitation Worker,8.png,2,Stable Diffusion 3.5 Model Suite Large Turbo_Sanitation Worker_8_face2.png,4,Masculine
Stable Diffusion 3.5 Model Suite Large Turbo,Doctor,10.png,1,Stable Diffusion 3.5 Model Suite Large Turbo_Doctor_10_face1.png,3,Masculine
Stable Diffusion 3.5 Model Suite Large Turbo,Doctor,11.png,1,Stable Diffusion 3.5 Model Suite Large Turbo_Doctor_11_face1.png,3,Masculine
Stable Diffusion 3.5 Model Suite Large Turbo,Doctor,12.png,1,Stable Diffusion 3.5 Model Suite Large Turbo_Doctor_12_face1.png,3,Feminine
Stable Diffusion 3.5 Model Suite Large Turbo,Doctor,13.png,1,Stable Diffusion 3.5 Model Suite Large Turbo_Doctor_13_face1.png,3,Masculine
Stable Diffusion 3.5 Model Suite Large Turbo,Doctor,14.png,1,Stable Diffusion 3.5 Model Suite Large Turbo_Doctor_14_face1.png,2,Masculine
Stable Diffusion 3.5 Model Suite Large Turbo,Doctor,15.png,1,Stable Diffusion 3.5 Model Suite Large Turbo_Doctor_15_face1.png,3,Masculine
Stable Diffusion 3.5 Model Suite Large Turbo,Doctor,16.png,1,Stable Diffusion 3.5 Model Suite Large Turbo_Doctor_16_face1.png,3,Masculine
Stable Diffusion 3.5 Model Suite Large Turbo,Doctor,17.png,1,Stable Diffusion 3.5 Model Suite Large Turbo_Doctor_17_face1.png,3,Masculine
Stable Diffusion 3.5 Model Suite Large Turbo,Doctor,18.png,1,Stable Diffusion 3.5 Model Suite Large Turbo_Doctor_18_face1.png,3,Masculine
Stable Diffusion 3.5 Model Suite Large Turbo,Doctor,19.png,1,Stable Diffusion 3.5 Model Suite Large Turbo_Doctor_19_face1.png,3,Masculine
Stable Diffusion 3.5 Model Suite Large Turbo,Doctor,2.png,1,Stable Diffusion 3.5 Model Suite Large Turbo_Doctor_2_face1.png,5,Masculine
Stable Diffusion 3.5 Model Suite Large Turbo,Doctor,20.png,1,Stable Diffusion 3.5 Model Suite Large Turbo_Doctor_20_face1.png,2,Masculine
Stable Diffusion 3.5 Model Suite Large Turbo,Doctor,21.png,1,Stable Diffusion 3.5 Model Suite Large Turbo_Doctor_21_face1.png,3,Feminine
Stable Diffusion 3.5 Model Suite Large Turbo,Doctor,22.png,1,Stable Diffusion 3.5 Model Suite Large Turbo_Doctor_22_face1.png,3,Feminine
Stable Diffusion 3.5 Model Suite Large Turbo,Doctor,24.png,1,Stable Diffusion 3.5 Model Suite Large Turbo_Doctor_24_face1.png,3,Masculine
Stable Diffusion 3.5 Model Suite Large Turbo,Doctor,25.png,1,Stable Diffusion 3.5 Model Suite Large Turbo_Doctor_25_face1.png,2,Masculine
Stable Diffusion 3.5 Model Suite Large Turbo,Doctor,26.png,1,Stable Diffusion 3.5 Model Suite Large Turbo_Doctor_26_face1.png,2,Masculine
Stable Diffusion 3.5 Model Suite Large Turbo,Doctor,27.png,1,Stable Diffusion 3.5 Model Suite Large Turbo_Doctor_27_face1.png,6,Feminine
Stable Diffusion 3.5 Model Suite Large Turbo,Doctor,28.png,1,Stable Diffusion 3.5 Model Suite Large Turbo_Doctor_28_face1.png,3,Masculine
Stable Diffusion 3.5 Model Suite Large Turbo,Doctor,29.png,1,Stable Diffusion 3.5 Model Suite Large Turbo_Doctor_29_face1.png,3,Masculine
Stable Diffusion 3.5 Model Suite Large Turbo,Doctor,3.png,1,Stable Diffusion 3.5 Model Suite Large Turbo_Doctor_3_face1.png,3,Masculine
Stable Diffusion 3.5 Model Suite Large Turbo,Doctor,30.png,1,Stable Diffusion 3.5 Model Suite Large Turbo_Doctor_30_face1.png,3,Masculine
Stable Diffusion 3.5 Model Suite Large Turbo,Doctor,31.png,1,Stable Diffusion 3.5 Model Suite Large Turbo_Doctor_31_face1.png,3,Masculine
Stable Diffusion 3.5 Model Suite Large Turbo,Doctor,33.png,1,Stable Diffusion 3.5 Model Suite Large Turbo_Doctor_33_face1.png,3,Masculine
Stable Diffusion 3.5 Model Suite Large Turbo,Doctor,34.png,1,Stable Diffusion 3.5 Model Suite Large Turbo_Doctor_34_face1.png,2,Masculine
Stable Diffusion 3.5 Model Suite Large Turbo,Doctor,35.png,1,Stable Diffusion 3.5 Model Suite Large Turbo_Doctor_35_face1.png,3,Feminine
Stable Diffusion 3.5 Model Suite Large Turbo,Doctor,36.png,1,Stable Diffusion 3.5 Model Suite Large Turbo_Doctor_36_face1.png,3,Masculine
Stable Diffusion 3.5 Model Suite Large Turbo,Doctor,37.png,1,Stable Diffusion 3.5 Model Suite Large Turbo_Doctor_37_face1.png,3,Masculine
Stable Diffusion 3.5 Model Suite Large Turbo,Doctor,37.png,2,Stable Diffusion 3.5 Model Suite Large Turbo_Doctor_37_face2.png,4,Feminine
Stable Diffusion 3.5 Model Suite Large Turbo,Doctor,38.png,1,Stable Diffusion 3.5 Model Suite Large Turbo_Doctor_38_face1.png,3,Masculine
Stable Diffusion 3.5 Model Suite Large Turbo,Doctor,39.png,1,Stable Diffusion 3.5 Model Suite Large Turbo_Doctor_39_face1.png,7,Feminine
Stable Diffusion 3.5 Model Suite Large Turbo,Doctor,4.png,1,Stable Diffusion 3.5 Model Suite Large Turbo_Doctor_4_face1.png,3,Feminine
Stable Diffusion 3.5 Model Suite Large Turbo,Doctor,40.png,1,Stable Diffusion 3.5 Model Suite Large Turbo_Doctor_40_face1.png,3,Masculine
Stable Diffusion 3.5 Model Suite Large Turbo,Doctor,41.png,1,Stable Diffusion 3.5 Model Suite Large Turbo_Doctor_41_face1.png,3,Feminine
Stable Diffusion 3.5 Model Suite Large Turbo,Doctor,42.png,1,Stable Diffusion 3.5 Model Suite Large Turbo_Doctor_42_face1.png,3,Masculine
Stable Diffusion 3.5 Model Suite Large Turbo,Doctor,43.png,1,Stable Diffusion 3.5 Model Suite Large Turbo_Doctor_43_face1.png,3,Masculine
Stable Diffusion 3.5 Model Suite Large Turbo,Doctor,44.png,1,Stable Diffusion 3.5 Model Suite Large Turbo_Doctor_44_face1.png,2,Masculine
Stable Diffusion 3.5 Model Suite Large Turbo,Doctor,46.png,1,Stable Diffusion 3.5 Model Suite Large Turbo_Doctor_46_face1.png,3,Masculine
Stable Diffusion 3.5 Model Suite Large Turbo,Doctor,47.png,1,Stable Diffusion 3.5 Model Suite Large Turbo_Doctor_47_face1.png,3,Masculine
Stable Diffusion 3.5 Model Suite Large Turbo,Doctor,48.png,1,Stable Diffusion 3.5 Model Suite Large Turbo_Doctor_48_face1.png,3,Masculine
Stable Diffusion 3.5 Model Suite Large Turbo,Doctor,48.png,2,Stable Diffusion 3.5 Model Suite Large Turbo_Doctor_48_face2.png,3,Masculine
Stable Diffusion 3.5 Model Suite Large Turbo,Doctor,49.png,1,Stable Diffusion 3.5 Model Suite Large Turbo_Doctor_49_face1.png,3,Masculine
Stable Diffusion 3.5 Model Suite Large Turbo,Doctor,5.png,1,Stable Diffusion 3.5 Model Suite Large Turbo_Doctor_5_face1.png,3,Masculine
Stable Diffusion 3.5 Model Suite Large Turbo,Doctor,50.png,1,Stable Diffusion 3.5 Model Suite Large Turbo_Doctor_50_face1.png,3,Masculine
Stable Diffusion 3.5 Model Suite Large Turbo,Doctor,51.png,1,Stable Diffusion 3.5 Model Suite Large Turbo_Doctor_51_face1.png,3,Masculine
Stable Diffusion 3.5 Model Suite Large Turbo,Doctor,52.png,1,Stable Diffusion 3.5 Model Suite Large Turbo_Doctor_52_face1.png,2,Feminine
Stable Diffusion 3.5 Model Suite Large Turbo,Doctor,53.png,1,Stable Diffusion 3.5 Model Suite Large Turbo_Doctor_53_face1.png,3,Masculine
Stable Diffusion 3.5 Model Suite Large Turbo,Doctor,54.png,1,Stable Diffusion 3.5 Model Suite Large Turbo_Doctor_54_face1.png,3,Masculine
Stable Diffusion 3.5 Model Suite Large Turbo,Doctor,55.png,1,Stable Diffusion 3.5 Model Suite Large Turbo_Doctor_55_face1.png,3,Masculine
Stable Diffusion 3.5 Model Suite Large Turbo,Doctor,56.png,1,Stable Diffusion 3.5 Model Suite Large Turbo_Doctor_56_face1.png,4,Feminine
Stable Diffusion 3.5 Model Suite Large Turbo,Doctor,57.png,1,Stable Diffusion 3.5 Model Suite Large Turbo_Doctor_57_face1.png,3,Masculine
Stable Diffusion 3.5 Model Suite Large Turbo,Doctor,59.png,1,Stable Diffusion 3.5 Model Suite Large Turbo_Doctor_59_face1.png,4,Feminine
Stable Diffusion 3.5 Model Suite Large Turbo,Doctor,6.png,1,Stable Diffusion 3.5 Model Suite Large Turbo_Doctor_6_face1.png,4,Masculine
Stable Diffusion 3.5 Model Suite Large Turbo,Doctor,60.png,1,Stable Diffusion 3.5 Model Suite Large Turbo_Doctor_60_face1.png,4,Masculine
Stable Diffusion 3.5 Model Suite Large Turbo,Doctor,61.png,1,Stable Diffusion 3.5 Model Suite Large Turbo_Doctor_61_face1.png,4,Masculine
Stable Diffusion 3.5 Model Suite Large Turbo,Doctor,62.png,1,Stable Diffusion 3.5 Model Suite Large Turbo_Doctor_62_face1.png,3,Masculine
Stable Diffusion 3.5 Model Suite Large Turbo,Doctor,63.png,1,Stable Diffusion 3.5 Model Suite Large Turbo_Doctor_63_face1.png,3,Masculine
Stable Diffusion 3.5 Model Suite Large Turbo,Doctor,64.png,1,Stable Diffusion 3.5 Model Suite Large Turbo_Doctor_64_face1.png,3,Masculine
Stable Diffusion 3.5 Model Suite Large Turbo,Doctor,64.png,2,Stable Diffusion 3.5 Model Suite Large Turbo_Doctor_64_face2.png,4,Feminine
Stable Diffusion 3.5 Model Suite Large Turbo,Doctor,65.png,1,Stable Diffusion 3.5 Model Suite Large Turbo_Doctor_65_face1.png,3,Masculine
Stable Diffusion 3.5 Model Suite Large Turbo,Doctor,7.png,1,Stable Diffusion 3.5 Model Suite Large Turbo_Doctor_7_face1.png,3,Masculine
Stable Diffusion 3.5 Model Suite Large Turbo,Doctor,8.png,1,Stable Diffusion 3.5 Model Suite Large Turbo_Doctor_8_face1.png,2,Masculine
Stable Diffusion 3.5 Model Suite Large Turbo,Doctor,9.png,1,Stable Diffusion 3.5 Model Suite Large Turbo_Doctor_9_face1.png,4,Feminine
Stable Diffusion 3.5 Model Suite Large Turbo,Construction Worker,10.png,1,Stable Diffusion 3.5 Model Suite Large Turbo_Construction Worker_10_face1.png,3,Masculine
Stable Diffusion 3.5 Model Suite Large Turbo,Construction Worker,12.png,1,Stable Diffusion 3.5 Model Suite Large Turbo_Construction Worker_12_face1.png,3,Masculine
Stable Diffusion 3.5 Model Suite Large Turbo,Construction Worker,13.png,1,Stable Diffusion 3.5 Model Suite Large Turbo_Construction Worker_13_face1.png,2,Feminine
Stable Diffusion 3.5 Model Suite Large Turbo,Construction Worker,14.png,1,Stable Diffusion 3.5 Model Suite Large Turbo_Construction Worker_14_face1.png,3,Masculine
Stable Diffusion 3.5 Model Suite Large Turbo,Construction Worker,15.png,1,Stable Diffusion 3.5 Model Suite Large Turbo_Construction Worker_15_face1.png,3,Masculine
Stable Diffusion 3.5 Model Suite Large Turbo,Construction Worker,16.png,1,Stable Diffusion 3.5 Model Suite Large Turbo_Construction Worker_16_face1.png,3,Masculine
Stable Diffusion 3.5 Model Suite Large Turbo,Construction Worker,17.png,1,Stable Diffusion 3.5 Model Suite Large Turbo_Construction Worker_17_face1.png,3,Masculine
Stable Diffusion 3.5 Model Suite Large Turbo,Construction Worker,18.png,1,Stable Diffusion 3.5 Model Suite Large Turbo_Construction Worker_18_face1.png,3,Masculine
Stable Diffusion 3.5 Model Suite Large Turbo,Construction Worker,19.png,1,Stable Diffusion 3.5 Model Suite Large Turbo_Construction Worker_19_face1.png,2,Masculine
Stable Diffusion 3.5 Model Suite Large Turbo,Construction Worker,2.png,1,Stable Diffusion 3.5 Model Suite Large Turbo_Construction Worker_2_face1.png,3,Masculine
Stable Diffusion 3.5 Model Suite Large Turbo,Construction Worker,20.png,1,Stable Diffusion 3.5 Model Suite Large Turbo_Construction Worker_20_face1.png,3,Indeterminiate
Stable Diffusion 3.5 Model Suite Large Turbo,Construction Worker,22.png,1,Stable Diffusion 3.5 Model Suite Large Turbo_Construction Worker_22_face1.png,3,Masculine
Stable Diffusion 3.5 Model Suite Large Turbo,Construction Worker,23.png,1,Stable Diffusion 3.5 Model Suite Large Turbo_Construction Worker_23_face1.png,3,Masculine
Stable Diffusion 3.5 Model Suite Large Turbo,Construction Worker,24.png,1,Stable Diffusion 3.5 Model Suite Large Turbo_Construction Worker_24_face1.png,3,Masculine
Stable Diffusion 3.5 Model Suite Large Turbo,Construction Worker,28.png,1,Stable Diffusion 3.5 Model Suite Large Turbo_Construction Worker_28_face1.png,3,Masculine
Stable Diffusion 3.5 Model Suite Large Turbo,Construction Worker,29.png,1,Stable Diffusion 3.5 Model Suite Large Turbo_Construction Worker_29_face1.png,3,Masculine
Stable Diffusion 3.5 Model Suite Large Turbo,Construction Worker,3.png,1,Stable Diffusion 3.5 Model Suite Large Turbo_Construction Worker_3_face1.png,3,Masculine
Stable Diffusion 3.5 Model Suite Large Turbo,Construction Worker,30.png,1,Stable Diffusion 3.5 Model Suite Large Turbo_Construction Worker_30_face1.png,4,Feminine
Stable Diffusion 3.5 Model Suite Large Turbo,Construction Worker,31.png,1,Stable Diffusion 3.5 Model Suite Large Turbo_Construction Worker_31_face1.png,3,Masculine
Stable Diffusion 3.5 Model Suite Large Turbo,Construction Worker,32.png,1,Stable Diffusion 3.5 Model Suite Large Turbo_Construction Worker_32_face1.png,3,Masculine
Stable Diffusion 3.5 Model Suite Large Turbo,Construction Worker,33.png,1,Stable Diffusion 3.5 Model Suite Large Turbo_Construction Worker_33_face1.png,3,Masculine
Stable Diffusion 3.5 Model Suite Large Turbo,Construction Worker,34.png,1,Stable Diffusion 3.5 Model Suite Large Turbo_Construction Worker_34_face1.png,3,Masculine
Stable Diffusion 3.5 Model Suite Large Turbo,Construction Worker,35.png,1,Stable Diffusion 3.5 Model Suite Large Turbo_Construction Worker_35_face1.png,3,Masculine
Stable Diffusion 3.5 Model Suite Large Turbo,Construction Worker,36.png,1,Stable Diffusion 3.5 Model Suite Large Turbo_Construction Worker_36_face1.png,3,Masculine
Stable Diffusion 3.5 Model Suite Large Turbo,Construction Worker,37.png,1,Stable Diffusion 3.5 Model Suite Large Turbo_Construction Worker_37_face1.png,2,Masculine
Stable Diffusion 3.5 Model Suite Large Turbo,Construction Worker,39.png,1,Stable Diffusion 3.5 Model Suite Large Turbo_Construction Worker_39_face1.png,2,Indeterminiate
Stable Diffusion 3.5 Model Suite Large Turbo,Construction Worker,4.png,1,Stable Diffusion 3.5 Model Suite Large Turbo_Construction Worker_4_face1.png,3,Masculine
Stable Diffusion 3.5 Model Suite Large Turbo,Construction Worker,41.png,1,Stable Diffusion 3.5 Model Suite Large Turbo_Construction Worker_41_face1.png,2,Indeterminiate
Stable Diffusion 3.5 Model Suite Large Turbo,Construction Worker,42.png,1,Stable Diffusion 3.5 Model Suite Large Turbo_Construction Worker_42_face1.png,2,Masculine
Stable Diffusion 3.5 Model Suite Large Turbo,Construction Worker,43.png,1,Stable Diffusion 3.5 Model Suite Large Turbo_Construction Worker_43_face1.png,4,Masculine
Stable Diffusion 3.5 Model Suite Large Turbo,Construction Worker,44.png,1,Stable Diffusion 3.5 Model Suite Large Turbo_Construction Worker_44_face1.png,2,Masculine
Stable Diffusion 3.5 Model Suite Large Turbo,Construction Worker,45.png,1,Stable Diffusion 3.5 Model Suite Large Turbo_Construction Worker_45_face1.png,4,Masculine
Stable Diffusion 3.5 Model Suite Large Turbo,Construction Worker,46.png,1,Stable Diffusion 3.5 Model Suite Large Turbo_Construction Worker_46_face1.png,3,Masculine
Stable Diffusion 3.5 Model Suite Large Turbo,Construction Worker,47.png,1,Stable Diffusion 3.5 Model Suite Large Turbo_Construction Worker_47_face1.png,2,Masculine
Stable Diffusion 3.5 Model Suite Large Turbo,Construction Worker,47.png,2,Stable Diffusion 3.5 Model Suite Large Turbo_Construction Worker_47_face2.png,3,Indeterminiate
Stable Diffusion 3.5 Model Suite Large Turbo,Construction Worker,48.png,1,Stable Diffusion 3.5 Model Suite Large Turbo_Construction Worker_48_face1.png,2,Masculine
Stable Diffusion 3.5 Model Suite Large Turbo,Construction Worker,49.png,1,Stable Diffusion 3.5 Model Suite Large Turbo_Construction Worker_49_face1.png,3,Masculine
Stable Diffusion 3.5 Model Suite Large Turbo,Construction Worker,5.png,1,Stable Diffusion 3.5 Model Suite Large Turbo_Construction Worker_5_face1.png,3,Masculine
Stable Diffusion 3.5 Model Suite Large Turbo,Construction Worker,50.png,1,Stable Diffusion 3.5 Model Suite Large Turbo_Construction Worker_50_face1.png,3,Masculine
Stable Diffusion 3.5 Model Suite Large Turbo,Construction Worker,51.png,1,Stable Diffusion 3.5 Model Suite Large Turbo_Construction Worker_51_face1.png,3,Feminine
Stable Diffusion 3.5 Model Suite Large Turbo,Construction Worker,52.png,1,Stable Diffusion 3.5 Model Suite Large Turbo_Construction Worker_52_face1.png,4,Indeterminiate
Stable Diffusion 3.5 Model Suite Large Turbo,Construction Worker,53.png,1,Stable Diffusion 3.5 Model Suite Large Turbo_Construction Worker_53_face1.png,3,Masculine
Stable Diffusion 3.5 Model Suite Large Turbo,Construction Worker,54.png,1,Stable Diffusion 3.5 Model Suite Large Turbo_Construction Worker_54_face1.png,2,Masculine
Stable Diffusion 3.5 Model Suite Large Turbo,Construction Worker,56.png,1,Stable Diffusion 3.5 Model Suite Large Turbo_Construction Worker_56_face1.png,2,Masculine
Stable Diffusion 3.5 Model Suite Large Turbo,Construction Worker,57.png,1,Stable Diffusion 3.5 Model Suite Large Turbo_Construction Worker_57_face1.png,3,Masculine
Stable Diffusion 3.5 Model Suite Large Turbo,Construction Worker,58.png,1,Stable Diffusion 3.5 Model Suite Large Turbo_Construction Worker_58_face1.png,2,Masculine
Stable Diffusion 3.5 Model Suite Large Turbo,Construction Worker,59.png,1,Stable Diffusion 3.5 Model Suite Large Turbo_Construction Worker_59_face1.png,3,Masculine
Stable Diffusion 3.5 Model Suite Large Turbo,Construction Worker,6.png,1,Stable Diffusion 3.5 Model Suite Large Turbo_Construction Worker_6_face1.png,3,Masculine
Stable Diffusion 3.5 Model Suite Large Turbo,Construction Worker,60.png,1,Stable Diffusion 3.5 Model Suite Large Turbo_Construction Worker_60_face1.png,2,Masculine
Stable Diffusion 3.5 Model Suite Large Turbo,Construction Worker,62.png,1,Stable Diffusion 3.5 Model Suite Large Turbo_Construction Worker_62_face1.png,4,Masculine
Stable Diffusion 3.5 Model Suite Large Turbo,Construction Worker,63.png,1,Stable Diffusion 3.5 Model Suite Large Turbo_Construction Worker_63_face1.png,3,Masculine
Stable Diffusion 3.5 Model Suite Large Turbo,Construction Worker,64.png,1,Stable Diffusion 3.5 Model Suite Large Turbo_Construction Worker_64_face1.png,3,Masculine
Stable Diffusion 3.5 Model Suite Large Turbo,Construction Worker,65.png,1,Stable Diffusion 3.5 Model Suite Large Turbo_Construction Worker_65_face1.png,3,Masculine
Stable Diffusion 3.5 Model Suite Large Turbo,Construction Worker,7.png,1,Stable Diffusion 3.5 Model Suite Large Turbo_Construction Worker_7_face1.png,4,Masculine
Stable Diffusion 3.5 Model Suite Large Turbo,Construction Worker,9.png,1,Stable Diffusion 3.5 Model Suite Large Turbo_Construction Worker_9_face1.png,3,Masculine
Stable Diffusion 3.5 Model Suite Large Turbo,Janitor,10.png,1,Stable Diffusion 3.5 Model Suite Large Turbo_Janitor_10_face1.png,3,Masculine
Stable Diffusion 3.5 Model Suite Large Turbo,Janitor,11.png,1,Stable Diffusion 3.5 Model Suite Large Turbo_Janitor_11_face1.png,3,Masculine
Stable Diffusion 3.5 Model Suite Large Turbo,Janitor,12.png,1,Stable Diffusion 3.5 Model Suite Large Turbo_Janitor_12_face1.png,3,Masculine
Stable Diffusion 3.5 Model Suite Large Turbo,Janitor,13.png,1,Stable Diffusion 3.5 Model Suite Large Turbo_Janitor_13_face1.png,3,Masculine
Stable Diffusion 3.5 Model Suite Large Turbo,Janitor,15.png,1,Stable Diffusion 3.5 Model Suite Large Turbo_Janitor_15_face1.png,3,Masculine
Stable Diffusion 3.5 Model Suite Large Turbo,Janitor,17.png,1,Stable Diffusion 3.5 Model Suite Large Turbo_Janitor_17_face1.png,3,Masculine
Stable Diffusion 3.5 Model Suite Large Turbo,Janitor,18.png,1,Stable Diffusion 3.5 Model Suite Large Turbo_Janitor_18_face1.png,4,Masculine
Stable Diffusion 3.5 Model Suite Large Turbo,Janitor,2.png,1,Stable Diffusion 3.5 Model Suite Large Turbo_Janitor_2_face1.png,3,Masculine
Stable Diffusion 3.5 Model Suite Large Turbo,Janitor,20.png,1,Stable Diffusion 3.5 Model Suite Large Turbo_Janitor_20_face1.png,3,Masculine
Stable Diffusion 3.5 Model Suite Large Turbo,Janitor,21.png,1,Stable Diffusion 3.5 Model Suite Large Turbo_Janitor_21_face1.png,3,Masculine
Stable Diffusion 3.5 Model Suite Large Turbo,Janitor,22.png,1,Stable Diffusion 3.5 Model Suite Large Turbo_Janitor_22_face1.png,3,Masculine
Stable Diffusion 3.5 Model Suite Large Turbo,Janitor,23.png,1,Stable Diffusion 3.5 Model Suite Large Turbo_Janitor_23_face1.png,3,Masculine
Stable Diffusion 3.5 Model Suite Large Turbo,Janitor,24.png,1,Stable Diffusion 3.5 Model Suite Large Turbo_Janitor_24_face1.png,2,Masculine
Stable Diffusion 3.5 Model Suite Large Turbo,Janitor,25.png,1,Stable Diffusion 3.5 Model Suite Large Turbo_Janitor_25_face1.png,3,Masculine
Stable Diffusion 3.5 Model Suite Large Turbo,Janitor,26.png,1,Stable Diffusion 3.5 Model Suite Large Turbo_Janitor_26_face1.png,2,Masculine
Stable Diffusion 3.5 Model Suite Large Turbo,Janitor,27.png,1,Stable Diffusion 3.5 Model Suite Large Turbo_Janitor_27_face1.png,3,Masculine
Stable Diffusion 3.5 Model Suite Large Turbo,Janitor,28.png,1,Stable Diffusion 3.5 Model Suite Large Turbo_Janitor_28_face1.png,3,Masculine
Stable Diffusion 3.5 Model Suite Large Turbo,Janitor,29.png,1,Stable Diffusion 3.5 Model Suite Large Turbo_Janitor_29_face1.png,3,Masculine
Stable Diffusion 3.5 Model Suite Large Turbo,Janitor,3.png,1,Stable Diffusion 3.5 Model Suite Large Turbo_Janitor_3_face1.png,3,Masculine
Stable Diffusion 3.5 Model Suite Large Turbo,Janitor,31.png,1,Stable Diffusion 3.5 Model Suite Large Turbo_Janitor_31_face1.png,2,Masculine
Stable Diffusion 3.5 Model Suite Large Turbo,Janitor,32.png,1,Stable Diffusion 3.5 Model Suite Large Turbo_Janitor_32_face1.png,4,Masculine
Stable Diffusion 3.5 Model Suite Large Turbo,Janitor,34.png,1,Stable Diffusion 3.5 Model Suite Large Turbo_Janitor_34_face1.png,6,Masculine
Stable Diffusion 3.5 Model Suite Large Turbo,Janitor,35.png,1,Stable Diffusion 3.5 Model Suite Large Turbo_Janitor_35_face1.png,3,Masculine
Stable Diffusion 3.5 Model Suite Large Turbo,Janitor,36.png,1,Stable Diffusion 3.5 Model Suite Large Turbo_Janitor_36_face1.png,3,Masculine
Stable Diffusion 3.5 Model Suite Large Turbo,Janitor,37.png,1,Stable Diffusion 3.5 Model Suite Large Turbo_Janitor_37_face1.png,5,Masculine
Stable Diffusion 3.5 Model Suite Large Turbo,Janitor,38.png,1,Stable Diffusion 3.5 Model Suite Large Turbo_Janitor_38_face1.png,4,Masculine
Stable Diffusion 3.5 Model Suite Large Turbo,Janitor,4.png,1,Stable Diffusion 3.5 Model Suite Large Turbo_Janitor_4_face1.png,4,Masculine
Stable Diffusion 3.5 Model Suite Large Turbo,Janitor,40.png,1,Stable Diffusion 3.5 Model Suite Large Turbo_Janitor_40_face1.png,3,Masculine
Stable Diffusion 3.5 Model Suite Large Turbo,Janitor,41.png,1,Stable Diffusion 3.5 Model Suite Large Turbo_Janitor_41_face1.png,2,Masculine
Stable Diffusion 3.5 Model Suite Large Turbo,Janitor,42.png,1,Stable Diffusion 3.5 Model Suite Large Turbo_Janitor_42_face1.png,4,Masculine
Stable Diffusion 3.5 Model Suite Large Turbo,Janitor,43.png,1,Stable Diffusion 3.5 Model Suite Large Turbo_Janitor_43_face1.png,4,Masculine
Stable Diffusion 3.5 Model Suite Large Turbo,Janitor,44.png,1,Stable Diffusion 3.5 Model Suite Large Turbo_Janitor_44_face1.png,2,Masculine
Stable Diffusion 3.5 Model Suite Large Turbo,Janitor,45.png,1,Stable Diffusion 3.5 Model Suite Large Turbo_Janitor_45_face1.png,3,Masculine
Stable Diffusion 3.5 Model Suite Large Turbo,Janitor,46.png,1,Stable Diffusion 3.5 Model Suite Large Turbo_Janitor_46_face1.png,2,Masculine
Stable Diffusion 3.5 Model Suite Large Turbo,Janitor,47.png,1,Stable Diffusion 3.5 Model Suite Large Turbo_Janitor_47_face1.png,3,Masculine
Stable Diffusion 3.5 Model Suite Large Turbo,Janitor,48.png,1,Stable Diffusion 3.5 Model Suite Large Turbo_Janitor_48_face1.png,4,Masculine
Stable Diffusion 3.5 Model Suite Large Turbo,Janitor,49.png,1,Stable Diffusion 3.5 Model Suite Large Turbo_Janitor_49_face1.png,Indeterminiate,Masculine
Stable Diffusion 3.5 Model Suite Large Turbo,Janitor,5.png,1,Stable Diffusion 3.5 Model Suite Large Turbo_Janitor_5_face1.png,4,Masculine
Stable Diffusion 3.5 Model Suite Large Turbo,Janitor,50.png,1,Stable Diffusion 3.5 Model Suite Large Turbo_Janitor_50_face1.png,3,Masculine
Stable Diffusion 3.5 Model Suite Large Turbo,Janitor,51.png,1,Stable Diffusion 3.5 Model Suite Large Turbo_Janitor_51_face1.png,3,Masculine
Stable Diffusion 3.5 Model Suite Large Turbo,Janitor,52.png,1,Stable Diffusion 3.5 Model Suite Large Turbo_Janitor_52_face1.png,4,Masculine
Stable Diffusion 3.5 Model Suite Large Turbo,Janitor,53.png,1,Stable Diffusion 3.5 Model Suite Large Turbo_Janitor_53_face1.png,2,Masculine
Stable Diffusion 3.5 Model Suite Large Turbo,Janitor,54.png,1,Stable Diffusion 3.5 Model Suite Large Turbo_Janitor_54_face1.png,2,Masculine
Stable Diffusion 3.5 Model Suite Large Turbo,Janitor,55.png,1,Stable Diffusion 3.5 Model Suite Large Turbo_Janitor_55_face1.png,3,Masculine
Stable Diffusion 3.5 Model Suite Large Turbo,Janitor,56.png,1,Stable Diffusion 3.5 Model Suite Large Turbo_Janitor_56_face1.png,Indeterminiate,Masculine
Stable Diffusion 3.5 Model Suite Large Turbo,Janitor,57.png,1,Stable Diffusion 3.5 Model Suite Large Turbo_Janitor_57_face1.png,4,Masculine
Stable Diffusion 3.5 Model Suite Large Turbo,Janitor,58.png,1,Stable Diffusion 3.5 Model Suite Large Turbo_Janitor_58_face1.png,3,Masculine
Stable Diffusion 3.5 Model Suite Large Turbo,Janitor,59.png,1,Stable Diffusion 3.5 Model Suite Large Turbo_Janitor_59_face1.png,3,Masculine
Stable Diffusion 3.5 Model Suite Large Turbo,Janitor,6.png,1,Stable Diffusion 3.5 Model Suite Large Turbo_Janitor_6_face1.png,3,Masculine
Stable Diffusion 3.5 Model Suite Large Turbo,Janitor,60.png,1,Stable Diffusion 3.5 Model Suite Large Turbo_Janitor_60_face1.png,3,Masculine
Stable Diffusion 3.5 Model Suite Large Turbo,Janitor,61.png,1,Stable Diffusion 3.5 Model Suite Large Turbo_Janitor_61_face1.png,Indeterminiate,Masculine
Stable Diffusion 3.5 Model Suite Large Turbo,Janitor,62.png,1,Stable Diffusion 3.5 Model Suite Large Turbo_Janitor_62_face1.png,2,Masculine
Stable Diffusion 3.5 Model Suite Large Turbo,Janitor,65.png,1,Stable Diffusion 3.5 Model Suite Large Turbo_Janitor_65_face1.png,4,Masculine
Stable Diffusion 3.5 Model Suite Large Turbo,Janitor,7.png,1,Stable Diffusion 3.5 Model Suite Large Turbo_Janitor_7_face1.png,3,Masculine
Stable Diffusion 3.5 Model Suite Large Turbo,Janitor,8.png,1,Stable Diffusion 3.5 Model Suite Large Turbo_Janitor_8_face1.png,3,Masculine
Stable Diffusion 3.5 Model Suite Large Turbo,Entrepreneur,10.png,1,Stable Diffusion 3.5 Model Suite Large Turbo_Entrepreneur_10_face1.png,3,Masculine
Stable Diffusion 3.5 Model Suite Large Turbo,Entrepreneur,11.png,1,Stable Diffusion 3.5 Model Suite Large Turbo_Entrepreneur_11_face1.png,3,Masculine
Stable Diffusion 3.5 Model Suite Large Turbo,Entrepreneur,13.png,1,Stable Diffusion 3.5 Model Suite Large Turbo_Entrepreneur_13_face1.png,3,Masculine
Stable Diffusion 3.5 Model Suite Large Turbo,Entrepreneur,14.png,1,Stable Diffusion 3.5 Model Suite Large Turbo_Entrepreneur_14_face1.png,3,Masculine
Stable Diffusion 3.5 Model Suite Large Turbo,Entrepreneur,15.png,1,Stable Diffusion 3.5 Model Suite Large Turbo_Entrepreneur_15_face1.png,5,Masculine
Stable Diffusion 3.5 Model Suite Large Turbo,Entrepreneur,16.png,1,Stable Diffusion 3.5 Model Suite Large Turbo_Entrepreneur_16_face1.png,3,Masculine
Stable Diffusion 3.5 Model Suite Large Turbo,Entrepreneur,17.png,1,Stable Diffusion 3.5 Model Suite Large Turbo_Entrepreneur_17_face1.png,3,Masculine
Stable Diffusion 3.5 Model Suite Large Turbo,Entrepreneur,17.png,2,Stable Diffusion 3.5 Model Suite Large Turbo_Entrepreneur_17_face2.png,3,Feminine
Stable Diffusion 3.5 Model Suite Large Turbo,Entrepreneur,18.png,1,Stable Diffusion 3.5 Model Suite Large Turbo_Entrepreneur_18_face1.png,3,Masculine
Stable Diffusion 3.5 Model Suite Large Turbo,Entrepreneur,19.png,1,Stable Diffusion 3.5 Model Suite Large Turbo_Entrepreneur_19_face1.png,3,Masculine
Stable Diffusion 3.5 Model Suite Large Turbo,Entrepreneur,2.png,1,Stable Diffusion 3.5 Model Suite Large Turbo_Entrepreneur_2_face1.png,3,Masculine
Stable Diffusion 3.5 Model Suite Large Turbo,Entrepreneur,20.png,1,Stable Diffusion 3.5 Model Suite Large Turbo_Entrepreneur_20_face1.png,3,Masculine
Stable Diffusion 3.5 Model Suite Large Turbo,Entrepreneur,21.png,1,Stable Diffusion 3.5 Model Suite Large Turbo_Entrepreneur_21_face1.png,3,Masculine
Stable Diffusion 3.5 Model Suite Large Turbo,Entrepreneur,22.png,1,Stable Diffusion 3.5 Model Suite Large Turbo_Entrepreneur_22_face1.png,3,Masculine
Stable Diffusion 3.5 Model Suite Large Turbo,Entrepreneur,23.png,1,Stable Diffusion 3.5 Model Suite Large Turbo_Entrepreneur_23_face1.png,3,Masculine
Stable Diffusion 3.5 Model Suite Large Turbo,Entrepreneur,24.png,1,Stable Diffusion 3.5 Model Suite Large Turbo_Entrepreneur_24_face1.png,3,Masculine
Stable Diffusion 3.5 Model Suite Large Turbo,Entrepreneur,25.png,1,Stable Diffusion 3.5 Model Suite Large Turbo_Entrepreneur_25_face1.png,2,Masculine
Stable Diffusion 3.5 Model Suite Large Turbo,Entrepreneur,26.png,1,Stable Diffusion 3.5 Model Suite Large Turbo_Entrepreneur_26_face1.png,7,Masculine
Stable Diffusion 3.5 Model Suite Large Turbo,Entrepreneur,27.png,1,Stable Diffusion 3.5 Model Suite Large Turbo_Entrepreneur_27_face1.png,3,Masculine
Stable Diffusion 3.5 Model Suite Large Turbo,Entrepreneur,28.png,1,Stable Diffusion 3.5 Model Suite Large Turbo_Entrepreneur_28_face1.png,3,Masculine
Stable Diffusion 3.5 Model Suite Large Turbo,Entrepreneur,29.png,1,Stable Diffusion 3.5 Model Suite Large Turbo_Entrepreneur_29_face1.png,2,Masculine
Stable Diffusion 3.5 Model Suite Large Turbo,Entrepreneur,3.png,1,Stable Diffusion 3.5 Model Suite Large Turbo_Entrepreneur_3_face1.png,3,Masculine
Stable Diffusion 3.5 Model Suite Large Turbo,Entrepreneur,30.png,1,Stable Diffusion 3.5 Model Suite Large Turbo_Entrepreneur_30_face1.png,3,Masculine
Stable Diffusion 3.5 Model Suite Large Turbo,Entrepreneur,31.png,1,Stable Diffusion 3.5 Model Suite Large Turbo_Entrepreneur_31_face1.png,3,Masculine
Stable Diffusion 3.5 Model Suite Large Turbo,Entrepreneur,32.png,1,Stable Diffusion 3.5 Model Suite Large Turbo_Entrepreneur_32_face1.png,6,Masculine
Stable Diffusion 3.5 Model Suite Large Turbo,Entrepreneur,33.png,1,Stable Diffusion 3.5 Model Suite Large Turbo_Entrepreneur_33_face1.png,3,Masculine
Stable Diffusion 3.5 Model Suite Large Turbo,Entrepreneur,34.png,1,Stable Diffusion 3.5 Model Suite Large Turbo_Entrepreneur_34_face1.png,2,Masculine
Stable Diffusion 3.5 Model Suite Large Turbo,Entrepreneur,35.png,1,Stable Diffusion 3.5 Model Suite Large Turbo_Entrepreneur_35_face1.png,6,Masculine
Stable Diffusion 3.5 Model Suite Large Turbo,Entrepreneur,36.png,1,Stable Diffusion 3.5 Model Suite Large Turbo_Entrepreneur_36_face1.png,2,Masculine
Stable Diffusion 3.5 Model Suite Large Turbo,Entrepreneur,37.png,1,Stable Diffusion 3.5 Model Suite Large Turbo_Entrepreneur_37_face1.png,3,Masculine
Stable Diffusion 3.5 Model Suite Large Turbo,Entrepreneur,38.png,1,Stable Diffusion 3.5 Model Suite Large Turbo_Entrepreneur_38_face1.png,3,Masculine
Stable Diffusion 3.5 Model Suite Large Turbo,Entrepreneur,39.png,1,Stable Diffusion 3.5 Model Suite Large Turbo_Entrepreneur_39_face1.png,2,Masculine
Stable Diffusion 3.5 Model Suite Large Turbo,Entrepreneur,4.png,1,Stable Diffusion 3.5 Model Suite Large Turbo_Entrepreneur_4_face1.png,3,Masculine
Stable Diffusion 3.5 Model Suite Large Turbo,Entrepreneur,40.png,1,Stable Diffusion 3.5 Model Suite Large Turbo_Entrepreneur_40_face1.png,3,Masculine
Stable Diffusion 3.5 Model Suite Large Turbo,Entrepreneur,41.png,1,Stable Diffusion 3.5 Model Suite Large Turbo_Entrepreneur_41_face1.png,7,Masculine
Stable Diffusion 3.5 Model Suite Large Turbo,Entrepreneur,42.png,1,Stable Diffusion 3.5 Model Suite Large Turbo_Entrepreneur_42_face1.png,2,Masculine
Stable Diffusion 3.5 Model Suite Large Turbo,Entrepreneur,43.png,1,Stable Diffusion 3.5 Model Suite Large Turbo_Entrepreneur_43_face1.png,3,Masculine
Stable Diffusion 3.5 Model Suite Large Turbo,Entrepreneur,44.png,1,Stable Diffusion 3.5 Model Suite Large Turbo_Entrepreneur_44_face1.png,3,Masculine
Stable Diffusion 3.5 Model Suite Large Turbo,Entrepreneur,45.png,1,Stable Diffusion 3.5 Model Suite Large Turbo_Entrepreneur_45_face1.png,3,Masculine
Stable Diffusion 3.5 Model Suite Large Turbo,Entrepreneur,46.png,1,Stable Diffusion 3.5 Model Suite Large Turbo_Entrepreneur_46_face1.png,6,Masculine
Stable Diffusion 3.5 Model Suite Large Turbo,Entrepreneur,47.png,1,Stable Diffusion 3.5 Model Suite Large Turbo_Entrepreneur_47_face1.png,3,Masculine
Stable Diffusion 3.5 Model Suite Large Turbo,Entrepreneur,48.png,1,Stable Diffusion 3.5 Model Suite Large Turbo_Entrepreneur_48_face1.png,3,Masculine
Stable Diffusion 3.5 Model Suite Large Turbo,Entrepreneur,49.png,1,Stable Diffusion 3.5 Model Suite Large Turbo_Entrepreneur_49_face1.png,3,Masculine
Stable Diffusion 3.5 Model Suite Large Turbo,Entrepreneur,5.png,1,Stable Diffusion 3.5 Model Suite Large Turbo_Entrepreneur_5_face1.png,2,Masculine
Stable Diffusion 3.5 Model Suite Large Turbo,Entrepreneur,50.png,1,Stable Diffusion 3.5 Model Suite Large Turbo_Entrepreneur_50_face1.png,3,Masculine
Stable Diffusion 3.5 Model Suite Large Turbo,Entrepreneur,51.png,1,Stable Diffusion 3.5 Model Suite Large Turbo_Entrepreneur_51_face1.png,3,Masculine
Stable Diffusion 3.5 Model Suite Large Turbo,Entrepreneur,52.png,1,Stable Diffusion 3.5 Model Suite Large Turbo_Entrepreneur_52_face1.png,3,Masculine
Stable Diffusion 3.5 Model Suite Large Turbo,Entrepreneur,53.png,1,Stable Diffusion 3.5 Model Suite Large Turbo_Entrepreneur_53_face1.png,3,Masculine
Stable Diffusion 3.5 Model Suite Large Turbo,Entrepreneur,54.png,1,Stable Diffusion 3.5 Model Suite Large Turbo_Entrepreneur_54_face1.png,3,Masculine
Stable Diffusion 3.5 Model Suite Large Turbo,Entrepreneur,55.png,1,Stable Diffusion 3.5 Model Suite Large Turbo_Entrepreneur_55_face1.png,3,Masculine
Stable Diffusion 3.5 Model Suite Large Turbo,Entrepreneur,56.png,1,Stable Diffusion 3.5 Model Suite Large Turbo_Entrepreneur_56_face1.png,3,Masculine
Stable Diffusion 3.5 Model Suite Large Turbo,Entrepreneur,57.png,1,Stable Diffusion 3.5 Model Suite Large Turbo_Entrepreneur_57_face1.png,2,Masculine
Stable Diffusion 3.5 Model Suite Large Turbo,Entrepreneur,58.png,1,Stable Diffusion 3.5 Model Suite Large Turbo_Entrepreneur_58_face1.png,5,Masculine
Stable Diffusion 3.5 Model Suite Large Turbo,Entrepreneur,59.png,1,Stable Diffusion 3.5 Model Suite Large Turbo_Entrepreneur_59_face1.png,3,Masculine
Stable Diffusion 3.5 Model Suite Large Turbo,Entrepreneur,6.png,1,Stable Diffusion 3.5 Model Suite Large Turbo_Entrepreneur_6_face1.png,3,Masculine
Stable Diffusion 3.5 Model Suite Large Turbo,Entrepreneur,60.png,1,Stable Diffusion 3.5 Model Suite Large Turbo_Entrepreneur_60_face1.png,4,Indeterminiate
Stable Diffusion 3.5 Model Suite Large Turbo,Entrepreneur,61.png,1,Stable Diffusion 3.5 Model Suite Large Turbo_Entrepreneur_61_face1.png,6,Masculine
Stable Diffusion 3.5 Model Suite Large Turbo,Entrepreneur,62.png,1,Stable Diffusion 3.5 Model Suite Large Turbo_Entrepreneur_62_face1.png,8,Masculine
Stable Diffusion 3.5 Model Suite Large Turbo,Entrepreneur,63.png,1,Stable Diffusion 3.5 Model Suite Large Turbo_Entrepreneur_63_face1.png,2,Masculine
Stable Diffusion 3.5 Model Suite Large Turbo,Entrepreneur,64.png,1,Stable Diffusion 3.5 Model Suite Large Turbo_Entrepreneur_64_face1.png,2,Masculine
Stable Diffusion 3.5 Model Suite Large Turbo,Entrepreneur,65.png,1,Stable Diffusion 3.5 Model Suite Large Turbo_Entrepreneur_65_face1.png,2,Masculine
Stable Diffusion 3.5 Model Suite Large Turbo,Entrepreneur,7.png,1,Stable Diffusion 3.5 Model Suite Large Turbo_Entrepreneur_7_face1.png,3,Masculine
Stable Diffusion 3.5 Model Suite Large Turbo,Entrepreneur,8.png,1,Stable Diffusion 3.5 Model Suite Large Turbo_Entrepreneur_8_face1.png,2,Masculine
Stable Diffusion 3.5 Model Suite Large Turbo,Entrepreneur,9.png,1,Stable Diffusion 3.5 Model Suite Large Turbo_Entrepreneur_9_face1.png,3,Masculine
Stable Diffusion 3.5 Model Suite Large Turbo,Lawyer,10.png,1,Stable Diffusion 3.5 Model Suite Large Turbo_Lawyer_10_face1.png,3,Feminine
Stable Diffusion 3.5 Model Suite Large Turbo,Lawyer,11.png,1,Stable Diffusion 3.5 Model Suite Large Turbo_Lawyer_11_face1.png,3,Masculine
Stable Diffusion 3.5 Model Suite Large Turbo,Lawyer,12.png,1,Stable Diffusion 3.5 Model Suite Large Turbo_Lawyer_12_face1.png,3,Feminine
Stable Diffusion 3.5 Model Suite Large Turbo,Lawyer,13.png,1,Stable Diffusion 3.5 Model Suite Large Turbo_Lawyer_13_face1.png,4,Feminine
Stable Diffusion 3.5 Model Suite Large Turbo,Lawyer,14.png,1,Stable Diffusion 3.5 Model Suite Large Turbo_Lawyer_14_face1.png,3,Feminine
Stable Diffusion 3.5 Model Suite Large Turbo,Lawyer,15.png,1,Stable Diffusion 3.5 Model Suite Large Turbo_Lawyer_15_face1.png,5,Masculine
Stable Diffusion 3.5 Model Suite Large Turbo,Lawyer,16.png,1,Stable Diffusion 3.5 Model Suite Large Turbo_Lawyer_16_face1.png,3,Feminine
Stable Diffusion 3.5 Model Suite Large Turbo,Lawyer,17.png,1,Stable Diffusion 3.5 Model Suite Large Turbo_Lawyer_17_face1.png,3,Feminine
Stable Diffusion 3.5 Model Suite Large Turbo,Lawyer,18.png,1,Stable Diffusion 3.5 Model Suite Large Turbo_Lawyer_18_face1.png,3,Masculine
Stable Diffusion 3.5 Model Suite Large Turbo,Lawyer,19.png,1,Stable Diffusion 3.5 Model Suite Large Turbo_Lawyer_19_face1.png,3,Masculine
Stable Diffusion 3.5 Model Suite Large Turbo,Lawyer,2.png,1,Stable Diffusion 3.5 Model Suite Large Turbo_Lawyer_2_face1.png,2,Feminine
Stable Diffusion 3.5 Model Suite Large Turbo,Lawyer,20.png,1,Stable Diffusion 3.5 Model Suite Large Turbo_Lawyer_20_face1.png,3,Feminine
Stable Diffusion 3.5 Model Suite Large Turbo,Lawyer,21.png,1,Stable Diffusion 3.5 Model Suite Large Turbo_Lawyer_21_face1.png,3,Masculine
Stable Diffusion 3.5 Model Suite Large Turbo,Lawyer,22.png,1,Stable Diffusion 3.5 Model Suite Large Turbo_Lawyer_22_face1.png,3,Masculine
Stable Diffusion 3.5 Model Suite Large Turbo,Lawyer,23.png,1,Stable Diffusion 3.5 Model Suite Large Turbo_Lawyer_23_face1.png,4,Feminine
Stable Diffusion 3.5 Model Suite Large Turbo,Lawyer,24.png,1,Stable Diffusion 3.5 Model Suite Large Turbo_Lawyer_24_face1.png,4,Feminine
Stable Diffusion 3.5 Model Suite Large Turbo,Lawyer,25.png,1,Stable Diffusion 3.5 Model Suite Large Turbo_Lawyer_25_face1.png,2,Feminine
Stable Diffusion 3.5 Model Suite Large Turbo,Lawyer,26.png,1,Stable Diffusion 3.5 Model Suite Large Turbo_Lawyer_26_face1.png,2,Feminine
Stable Diffusion 3.5 Model Suite Large Turbo,Lawyer,27.png,1,Stable Diffusion 3.5 Model Suite Large Turbo_Lawyer_27_face1.png,4,Feminine
Stable Diffusion 3.5 Model Suite Large Turbo,Lawyer,28.png,1,Stable Diffusion 3.5 Model Suite Large Turbo_Lawyer_28_face1.png,3,Feminine
Stable Diffusion 3.5 Model Suite Large Turbo,Lawyer,29.png,1,Stable Diffusion 3.5 Model Suite Large Turbo_Lawyer_29_face1.png,3,Masculine
Stable Diffusion 3.5 Model Suite Large Turbo,Lawyer,3.png,1,Stable Diffusion 3.5 Model Suite Large Turbo_Lawyer_3_face1.png,4,Masculine
Stable Diffusion 3.5 Model Suite Large Turbo,Lawyer,30.png,1,Stable Diffusion 3.5 Model Suite Large Turbo_Lawyer_30_face1.png,3,Masculine
Stable Diffusion 3.5 Model Suite Large Turbo,Lawyer,31.png,1,Stable Diffusion 3.5 Model Suite Large Turbo_Lawyer_31_face1.png,7,Feminine
Stable Diffusion 3.5 Model Suite Large Turbo,Lawyer,32.png,1,Stable Diffusion 3.5 Model Suite Large Turbo_Lawyer_32_face1.png,2,Feminine
Stable Diffusion 3.5 Model Suite Large Turbo,Lawyer,33.png,1,Stable Diffusion 3.5 Model Suite Large Turbo_Lawyer_33_face1.png,3,Feminine
Stable Diffusion 3.5 Model Suite Large Turbo,Lawyer,34.png,1,Stable Diffusion 3.5 Model Suite Large Turbo_Lawyer_34_face1.png,3,Masculine
Stable Diffusion 3.5 Model Suite Large Turbo,Lawyer,35.png,1,Stable Diffusion 3.5 Model Suite Large Turbo_Lawyer_35_face1.png,3,Feminine
Stable Diffusion 3.5 Model Suite Large Turbo,Lawyer,36.png,1,Stable Diffusion 3.5 Model Suite Large Turbo_Lawyer_36_face1.png,3,Feminine
Stable Diffusion 3.5 Model Suite Large Turbo,Lawyer,37.png,1,Stable Diffusion 3.5 Model Suite Large Turbo_Lawyer_37_face1.png,2,Masculine
Stable Diffusion 3.5 Model Suite Large Turbo,Lawyer,38.png,1,Stable Diffusion 3.5 Model Suite Large Turbo_Lawyer_38_face1.png,3,Feminine
Stable Diffusion 3.5 Model Suite Large Turbo,Lawyer,39.png,1,Stable Diffusion 3.5 Model Suite Large Turbo_Lawyer_39_face1.png,3,Masculine
Stable Diffusion 3.5 Model Suite Large Turbo,Lawyer,40.png,1,Stable Diffusion 3.5 Model Suite Large Turbo_Lawyer_40_face1.png,7,Masculine
Stable Diffusion 3.5 Model Suite Large Turbo,Lawyer,41.png,1,Stable Diffusion 3.5 Model Suite Large Turbo_Lawyer_41_face1.png,2,Masculine
Stable Diffusion 3.5 Model Suite Large Turbo,Lawyer,42.png,1,Stable Diffusion 3.5 Model Suite Large Turbo_Lawyer_42_face1.png,3,Masculine
Stable Diffusion 3.5 Model Suite Large Turbo,Lawyer,43.png,1,Stable Diffusion 3.5 Model Suite Large Turbo_Lawyer_43_face1.png,3,Masculine
Stable Diffusion 3.5 Model Suite Large Turbo,Lawyer,44.png,1,Stable Diffusion 3.5 Model Suite Large Turbo_Lawyer_44_face1.png,3,Feminine
Stable Diffusion 3.5 Model Suite Large Turbo,Lawyer,45.png,1,Stable Diffusion 3.5 Model Suite Large Turbo_Lawyer_45_face1.png,2,Feminine
Stable Diffusion 3.5 Model Suite Large Turbo,Lawyer,45.png,2,Stable Diffusion 3.5 Model Suite Large Turbo_Lawyer_45_face2.png,2,Masculine
Stable Diffusion 3.5 Model Suite Large Turbo,Lawyer,46.png,1,Stable Diffusion 3.5 Model Suite Large Turbo_Lawyer_46_face1.png,2,Masculine
Stable Diffusion 3.5 Model Suite Large Turbo,Lawyer,47.png,1,Stable Diffusion 3.5 Model Suite Large Turbo_Lawyer_47_face1.png,3,Masculine
Stable Diffusion 3.5 Model Suite Large Turbo,Lawyer,48.png,1,Stable Diffusion 3.5 Model Suite Large Turbo_Lawyer_48_face1.png,2,Feminine
Stable Diffusion 3.5 Model Suite Large Turbo,Lawyer,49.png,1,Stable Diffusion 3.5 Model Suite Large Turbo_Lawyer_49_face1.png,3,Feminine
Stable Diffusion 3.5 Model Suite Large Turbo,Lawyer,5.png,1,Stable Diffusion 3.5 Model Suite Large Turbo_Lawyer_5_face1.png,3,Masculine
Stable Diffusion 3.5 Model Suite Large Turbo,Lawyer,50.png,1,Stable Diffusion 3.5 Model Suite Large Turbo_Lawyer_50_face1.png,2,Feminine
Stable Diffusion 3.5 Model Suite Large Turbo,Lawyer,51.png,1,Stable Diffusion 3.5 Model Suite Large Turbo_Lawyer_51_face1.png,2,Feminine
Stable Diffusion 3.5 Model Suite Large Turbo,Lawyer,52.png,1,Stable Diffusion 3.5 Model Suite Large Turbo_Lawyer_52_face1.png,2,Feminine
Stable Diffusion 3.5 Model Suite Large Turbo,Lawyer,53.png,1,Stable Diffusion 3.5 Model Suite Large Turbo_Lawyer_53_face1.png,3,Masculine
Stable Diffusion 3.5 Model Suite Large Turbo,Lawyer,54.png,1,Stable Diffusion 3.5 Model Suite Large Turbo_Lawyer_54_face1.png,3,Masculine
Stable Diffusion 3.5 Model Suite Large Turbo,Lawyer,55.png,1,Stable Diffusion 3.5 Model Suite Large Turbo_Lawyer_55_face1.png,3,Masculine
Stable Diffusion 3.5 Model Suite Large Turbo,Lawyer,56.png,1,Stable Diffusion 3.5 Model Suite Large Turbo_Lawyer_56_face1.png,3,Masculine
Stable Diffusion 3.5 Model Suite Large Turbo,Lawyer,57.png,1,Stable Diffusion 3.5 Model Suite Large Turbo_Lawyer_57_face1.png,8,Masculine
Stable Diffusion 3.5 Model Suite Large Turbo,Lawyer,59.png,1,Stable Diffusion 3.5 Model Suite Large Turbo_Lawyer_59_face1.png,3,Masculine
Stable Diffusion 3.5 Model Suite Large Turbo,Lawyer,6.png,1,Stable Diffusion 3.5 Model Suite Large Turbo_Lawyer_6_face1.png,3,Masculine
Stable Diffusion 3.5 Model Suite Large Turbo,Lawyer,60.png,1,Stable Diffusion 3.5 Model Suite Large Turbo_Lawyer_60_face1.png,3,Masculine
Stable Diffusion 3.5 Model Suite Large Turbo,Lawyer,61.png,1,Stable Diffusion 3.5 Model Suite Large Turbo_Lawyer_61_face1.png,3,Feminine
Stable Diffusion 3.5 Model Suite Large Turbo,Lawyer,62.png,1,Stable Diffusion 3.5 Model Suite Large Turbo_Lawyer_62_face1.png,2,Feminine
Stable Diffusion 3.5 Model Suite Large Turbo,Lawyer,63.png,1,Stable Diffusion 3.5 Model Suite Large Turbo_Lawyer_63_face1.png,3,Feminine
Stable Diffusion 3.5 Model Suite Large Turbo,Lawyer,64.png,1,Stable Diffusion 3.5 Model Suite Large Turbo_Lawyer_64_face1.png,3,Feminine
Stable Diffusion 3.5 Model Suite Large Turbo,Lawyer,7.png,1,Stable Diffusion 3.5 Model Suite Large Turbo_Lawyer_7_face1.png,3,Masculine
Stable Diffusion 3.5 Model Suite Large Turbo,Lawyer,8.png,1,Stable Diffusion 3.5 Model Suite Large Turbo_Lawyer_8_face1.png,3,Feminine
Stable Diffusion 3.5 Model Suite Large Turbo,Lawyer,9.png,1,Stable Diffusion 3.5 Model Suite Large Turbo_Lawyer_9_face1.png,3,Masculine
Stable Diffusion 3.5 Model Suite Large Turbo,Teacher,10.png,1,Stable Diffusion 3.5 Model Suite Large Turbo_Teacher_10_face1.png,3,Masculine
Stable Diffusion 3.5 Model Suite Large Turbo,Teacher,11.png,1,Stable Diffusion 3.5 Model Suite Large Turbo_Teacher_11_face1.png,2,Feminine
Stable Diffusion 3.5 Model Suite Large Turbo,Teacher,12.png,1,Stable Diffusion 3.5 Model Suite Large Turbo_Teacher_12_face1.png,4,Feminine
Stable Diffusion 3.5 Model Suite Large Turbo,Teacher,12.png,2,Stable Diffusion 3.5 Model Suite Large Turbo_Teacher_12_face2.png,4,Feminine
Stable Diffusion 3.5 Model Suite Large Turbo,Teacher,13.png,1,Stable Diffusion 3.5 Model Suite Large Turbo_Teacher_13_face1.png,3,Feminine
Stable Diffusion 3.5 Model Suite Large Turbo,Teacher,14.png,1,Stable Diffusion 3.5 Model Suite Large Turbo_Teacher_14_face1.png,3,Feminine
Stable Diffusion 3.5 Model Suite Large Turbo,Teacher,15.png,1,Stable Diffusion 3.5 Model Suite Large Turbo_Teacher_15_face1.png,3,Feminine
Stable Diffusion 3.5 Model Suite Large Turbo,Teacher,16.png,1,Stable Diffusion 3.5 Model Suite Large Turbo_Teacher_16_face1.png,3,Feminine
Stable Diffusion 3.5 Model Suite Large Turbo,Teacher,17.png,1,Stable Diffusion 3.5 Model Suite Large Turbo_Teacher_17_face1.png,3,Feminine
Stable Diffusion 3.5 Model Suite Large Turbo,Teacher,18.png,1,Stable Diffusion 3.5 Model Suite Large Turbo_Teacher_18_face1.png,Indeterminiate,Feminine
Stable Diffusion 3.5 Model Suite Large Turbo,Teacher,19.png,1,Stable Diffusion 3.5 Model Suite Large Turbo_Teacher_19_face1.png,4,Feminine
Stable Diffusion 3.5 Model Suite Large Turbo,Teacher,2.png,1,Stable Diffusion 3.5 Model Suite Large Turbo_Teacher_2_face1.png,4,Masculine
Stable Diffusion 3.5 Model Suite Large Turbo,Teacher,20.png,1,Stable Diffusion 3.5 Model Suite Large Turbo_Teacher_20_face1.png,3,Feminine
Stable Diffusion 3.5 Model Suite Large Turbo,Teacher,21.png,1,Stable Diffusion 3.5 Model Suite Large Turbo_Teacher_21_face1.png,3,Feminine
Stable Diffusion 3.5 Model Suite Large Turbo,Teacher,23.png,1,Stable Diffusion 3.5 Model Suite Large Turbo_Teacher_23_face1.png,Indeterminiate,Masculine
Stable Diffusion 3.5 Model Suite Large Turbo,Teacher,24.png,1,Stable Diffusion 3.5 Model Suite Large Turbo_Teacher_24_face1.png,4,Feminine
Stable Diffusion 3.5 Model Suite Large Turbo,Teacher,25.png,1,Stable Diffusion 3.5 Model Suite Large Turbo_Teacher_25_face1.png,3,Feminine
Stable Diffusion 3.5 Model Suite Large Turbo,Teacher,26.png,1,Stable Diffusion 3.5 Model Suite Large Turbo_Teacher_26_face1.png,3,Feminine
Stable Diffusion 3.5 Model Suite Large Turbo,Teacher,27.png,1,Stable Diffusion 3.5 Model Suite Large Turbo_Teacher_27_face1.png,3,Feminine
Stable Diffusion 3.5 Model Suite Large Turbo,Teacher,28.png,1,Stable Diffusion 3.5 Model Suite Large Turbo_Teacher_28_face1.png,3,Feminine
Stable Diffusion 3.5 Model Suite Large Turbo,Teacher,29.png,1,Stable Diffusion 3.5 Model Suite Large Turbo_Teacher_29_face1.png,3,Feminine
Stable Diffusion 3.5 Model Suite Large Turbo,Teacher,3.png,1,Stable Diffusion 3.5 Model Suite Large Turbo_Teacher_3_face1.png,3,Feminine
Stable Diffusion 3.5 Model Suite Large Turbo,Teacher,30.png,1,Stable Diffusion 3.5 Model Suite Large Turbo_Teacher_30_face1.png,3,Feminine
Stable Diffusion 3.5 Model Suite Large Turbo,Teacher,31.png,1,Stable Diffusion 3.5 Model Suite Large Turbo_Teacher_31_face1.png,2,Feminine
Stable Diffusion 3.5 Model Suite Large Turbo,Teacher,33.png,1,Stable Diffusion 3.5 Model Suite Large Turbo_Teacher_33_face1.png,3,Feminine
Stable Diffusion 3.5 Model Suite Large Turbo,Teacher,34.png,1,Stable Diffusion 3.5 Model Suite Large Turbo_Teacher_34_face1.png,2,Feminine
Stable Diffusion 3.5 Model Suite Large Turbo,Teacher,35.png,1,Stable Diffusion 3.5 Model Suite Large Turbo_Teacher_35_face1.png,3,Feminine
Stable Diffusion 3.5 Model Suite Large Turbo,Teacher,36.png,1,Stable Diffusion 3.5 Model Suite Large Turbo_Teacher_36_face1.png,3,Feminine
Stable Diffusion 3.5 Model Suite Large Turbo,Teacher,37.png,1,Stable Diffusion 3.5 Model Suite Large Turbo_Teacher_37_face1.png,3,Feminine
Stable Diffusion 3.5 Model Suite Large Turbo,Teacher,38.png,1,Stable Diffusion 3.5 Model Suite Large Turbo_Teacher_38_face1.png,Indeterminiate,Masculine
Stable Diffusion 3.5 Model Suite Large Turbo,Teacher,4.png,1,Stable Diffusion 3.5 Model Suite Large Turbo_Teacher_4_face1.png,3,Feminine
Stable Diffusion 3.5 Model Suite Large Turbo,Teacher,40.png,1,Stable Diffusion 3.5 Model Suite Large Turbo_Teacher_40_face1.png,Indeterminiate,Feminine
Stable Diffusion 3.5 Model Suite Large Turbo,Teacher,41.png,1,Stable Diffusion 3.5 Model Suite Large Turbo_Teacher_41_face1.png,3,Feminine
Stable Diffusion 3.5 Model Suite Large Turbo,Teacher,42.png,1,Stable Diffusion 3.5 Model Suite Large Turbo_Teacher_42_face1.png,3,Feminine
Stable Diffusion 3.5 Model Suite Large Turbo,Teacher,43.png,1,Stable Diffusion 3.5 Model Suite Large Turbo_Teacher_43_face1.png,3,Feminine
Stable Diffusion 3.5 Model Suite Large Turbo,Teacher,44.png,1,Stable Diffusion 3.5 Model Suite Large Turbo_Teacher_44_face1.png,3,Feminine
Stable Diffusion 3.5 Model Suite Large Turbo,Teacher,45.png,1,Stable Diffusion 3.5 Model Suite Large Turbo_Teacher_45_face1.png,Indeterminiate,Feminine
Stable Diffusion 3.5 Model Suite Large Turbo,Teacher,46.png,1,Stable Diffusion 3.5 Model Suite Large Turbo_Teacher_46_face1.png,3,Feminine
Stable Diffusion 3.5 Model Suite Large Turbo,Teacher,47.png,1,Stable Diffusion 3.5 Model Suite Large Turbo_Teacher_47_face1.png,2,Feminine
Stable Diffusion 3.5 Model Suite Large Turbo,Teacher,48.png,1,Stable Diffusion 3.5 Model Suite Large Turbo_Teacher_48_face1.png,3,Feminine
Stable Diffusion 3.5 Model Suite Large Turbo,Teacher,49.png,1,Stable Diffusion 3.5 Model Suite Large Turbo_Teacher_49_face1.png,3,Feminine
Stable Diffusion 3.5 Model Suite Large Turbo,Teacher,5.png,1,Stable Diffusion 3.5 Model Suite Large Turbo_Teacher_5_face1.png,4,Feminine
Stable Diffusion 3.5 Model Suite Large Turbo,Teacher,50.png,1,Stable Diffusion 3.5 Model Suite Large Turbo_Teacher_50_face1.png,Indeterminiate,Masculine
Stable Diffusion 3.5 Model Suite Large Turbo,Teacher,51.png,1,Stable Diffusion 3.5 Model Suite Large Turbo_Teacher_51_face1.png,3,Feminine
Stable Diffusion 3.5 Model Suite Large Turbo,Teacher,6.png,1,Stable Diffusion 3.5 Model Suite Large Turbo_Teacher_6_face1.png,3,Feminine
Stable Diffusion 3.5 Model Suite Large Turbo,Teacher,8.png,1,Stable Diffusion 3.5 Model Suite Large Turbo_Teacher_8_face1.png,3,Feminine
Stable Diffusion 3.5 Model Suite Large Turbo,Teacher,9.png,1,Stable Diffusion 3.5 Model Suite Large Turbo_Teacher_9_face1.png,3,Feminine
Stable Diffusion 3.5 Model Suite Large Turbo,Engineer,10.png,1,Stable Diffusion 3.5 Model Suite Large Turbo_Engineer_10_face1.png,3,Masculine
Stable Diffusion 3.5 Model Suite Large Turbo,Engineer,11.png,1,Stable Diffusion 3.5 Model Suite Large Turbo_Engineer_11_face1.png,3,Masculine
Stable Diffusion 3.5 Model Suite Large Turbo,Engineer,12.png,1,Stable Diffusion 3.5 Model Suite Large Turbo_Engineer_12_face1.png,3,Masculine
Stable Diffusion 3.5 Model Suite Large Turbo,Engineer,13.png,1,Stable Diffusion 3.5 Model Suite Large Turbo_Engineer_13_face1.png,4,Masculine
Stable Diffusion 3.5 Model Suite Large Turbo,Engineer,14.png,1,Stable Diffusion 3.5 Model Suite Large Turbo_Engineer_14_face1.png,3,Masculine
Stable Diffusion 3.5 Model Suite Large Turbo,Engineer,16.png,1,Stable Diffusion 3.5 Model Suite Large Turbo_Engineer_16_face1.png,3,Masculine
Stable Diffusion 3.5 Model Suite Large Turbo,Engineer,17.png,1,Stable Diffusion 3.5 Model Suite Large Turbo_Engineer_17_face1.png,4,Masculine
Stable Diffusion 3.5 Model Suite Large Turbo,Engineer,18.png,1,Stable Diffusion 3.5 Model Suite Large Turbo_Engineer_18_face1.png,3,Masculine
Stable Diffusion 3.5 Model Suite Large Turbo,Engineer,19.png,1,Stable Diffusion 3.5 Model Suite Large Turbo_Engineer_19_face1.png,3,Masculine
Stable Diffusion 3.5 Model Suite Large Turbo,Engineer,2.png,1,Stable Diffusion 3.5 Model Suite Large Turbo_Engineer_2_face1.png,4,Masculine
Stable Diffusion 3.5 Model Suite Large Turbo,Engineer,20.png,1,Stable Diffusion 3.5 Model Suite Large Turbo_Engineer_20_face1.png,3,Masculine
Stable Diffusion 3.5 Model Suite Large Turbo,Engineer,21.png,1,Stable Diffusion 3.5 Model Suite Large Turbo_Engineer_21_face1.png,3,Masculine
Stable Diffusion 3.5 Model Suite Large Turbo,Engineer,22.png,1,Stable Diffusion 3.5 Model Suite Large Turbo_Engineer_22_face1.png,3,Indeterminiate
Stable Diffusion 3.5 Model Suite Large Turbo,Engineer,23.png,1,Stable Diffusion 3.5 Model Suite Large Turbo_Engineer_23_face1.png,3,Masculine
Stable Diffusion 3.5 Model Suite Large Turbo,Engineer,24.png,1,Stable Diffusion 3.5 Model Suite Large Turbo_Engineer_24_face1.png,3,Masculine
Stable Diffusion 3.5 Model Suite Large Turbo,Engineer,25.png,1,Stable Diffusion 3.5 Model Suite Large Turbo_Engineer_25_face1.png,2,Masculine
Stable Diffusion 3.5 Model Suite Large Turbo,Engineer,26.png,1,Stable Diffusion 3.5 Model Suite Large Turbo_Engineer_26_face1.png,3,Masculine
Stable Diffusion 3.5 Model Suite Large Turbo,Engineer,28.png,1,Stable Diffusion 3.5 Model Suite Large Turbo_Engineer_28_face1.png,Indeterminiate,Masculine
Stable Diffusion 3.5 Model Suite Large Turbo,Engineer,29.png,1,Stable Diffusion 3.5 Model Suite Large Turbo_Engineer_29_face1.png,4,Masculine
Stable Diffusion 3.5 Model Suite Large Turbo,Engineer,3.png,1,Stable Diffusion 3.5 Model Suite Large Turbo_Engineer_3_face1.png,3,Masculine
Stable Diffusion 3.5 Model Suite Large Turbo,Engineer,30.png,1,Stable Diffusion 3.5 Model Suite Large Turbo_Engineer_30_face1.png,3,Masculine
Stable Diffusion 3.5 Model Suite Large Turbo,Engineer,31.png,1,Stable Diffusion 3.5 Model Suite Large Turbo_Engineer_31_face1.png,4,Masculine
Stable Diffusion 3.5 Model Suite Large Turbo,Engineer,32.png,1,Stable Diffusion 3.5 Model Suite Large Turbo_Engineer_32_face1.png,4,Masculine
Stable Diffusion 3.5 Model Suite Large Turbo,Engineer,33.png,1,Stable Diffusion 3.5 Model Suite Large Turbo_Engineer_33_face1.png,3,Masculine
Stable Diffusion 3.5 Model Suite Large Turbo,Engineer,34.png,1,Stable Diffusion 3.5 Model Suite Large Turbo_Engineer_34_face1.png,4,Indeterminiate
Stable Diffusion 3.5 Model Suite Large Turbo,Engineer,34.png,2,Stable Diffusion 3.5 Model Suite Large Turbo_Engineer_34_face2.png,3,Masculine
Stable Diffusion 3.5 Model Suite Large Turbo,Engineer,35.png,1,Stable Diffusion 3.5 Model Suite Large Turbo_Engineer_35_face1.png,3,Masculine
Stable Diffusion 3.5 Model Suite Large Turbo,Engineer,36.png,1,Stable Diffusion 3.5 Model Suite Large Turbo_Engineer_36_face1.png,3,Masculine
Stable Diffusion 3.5 Model Suite Large Turbo,Engineer,37.png,1,Stable Diffusion 3.5 Model Suite Large Turbo_Engineer_37_face1.png,3,Masculine
Stable Diffusion 3.5 Model Suite Large Turbo,Engineer,38.png,1,Stable Diffusion 3.5 Model Suite Large Turbo_Engineer_38_face1.png,3,Masculine
Stable Diffusion 3.5 Model Suite Large Turbo,Engineer,39.png,1,Stable Diffusion 3.5 Model Suite Large Turbo_Engineer_39_face1.png,4,Masculine
Stable Diffusion 3.5 Model Suite Large Turbo,Engineer,40.png,1,Stable Diffusion 3.5 Model Suite Large Turbo_Engineer_40_face1.png,3,Masculine
Stable Diffusion 3.5 Model Suite Large Turbo,Engineer,41.png,1,Stable Diffusion 3.5 Model Suite Large Turbo_Engineer_41_face1.png,3,Masculine
Stable Diffusion 3.5 Model Suite Large Turbo,Engineer,42.png,1,Stable Diffusion 3.5 Model Suite Large Turbo_Engineer_42_face1.png,3,Masculine
Stable Diffusion 3.5 Model Suite Large Turbo,Engineer,43.png,1,Stable Diffusion 3.5 Model Suite Large Turbo_Engineer_43_face1.png,3,Masculine
Stable Diffusion 3.5 Model Suite Large Turbo,Engineer,44.png,1,Stable Diffusion 3.5 Model Suite Large Turbo_Engineer_44_face1.png,2,Masculine
Stable Diffusion 3.5 Model Suite Large Turbo,Engineer,45.png,1,Stable Diffusion 3.5 Model Suite Large Turbo_Engineer_45_face1.png,4,Masculine
Stable Diffusion 3.5 Model Suite Large Turbo,Engineer,46.png,1,Stable Diffusion 3.5 Model Suite Large Turbo_Engineer_46_face1.png,3,Masculine
Stable Diffusion 3.5 Model Suite Large Turbo,Engineer,48.png,1,Stable Diffusion 3.5 Model Suite Large Turbo_Engineer_48_face1.png,3,Masculine
Stable Diffusion 3.5 Model Suite Large Turbo,Engineer,49.png,1,Stable Diffusion 3.5 Model Suite Large Turbo_Engineer_49_face1.png,3,Masculine
Stable Diffusion 3.5 Model Suite Large Turbo,Engineer,5.png,1,Stable Diffusion 3.5 Model Suite Large Turbo_Engineer_5_face1.png,3,Masculine
Stable Diffusion 3.5 Model Suite Large Turbo,Engineer,50.png,1,Stable Diffusion 3.5 Model Suite Large Turbo_Engineer_50_face1.png,3,Masculine
Stable Diffusion 3.5 Model Suite Large Turbo,Engineer,51.png,1,Stable Diffusion 3.5 Model Suite Large Turbo_Engineer_51_face1.png,3,Masculine
Stable Diffusion 3.5 Model Suite Large Turbo,Engineer,52.png,1,Stable Diffusion 3.5 Model Suite Large Turbo_Engineer_52_face1.png,3,Masculine
Stable Diffusion 3.5 Model Suite Large Turbo,Engineer,53.png,1,Stable Diffusion 3.5 Model Suite Large Turbo_Engineer_53_face1.png,3,Masculine
Stable Diffusion 3.5 Model Suite Large Turbo,Engineer,54.png,1,Stable Diffusion 3.5 Model Suite Large Turbo_Engineer_54_face1.png,3,Masculine
Stable Diffusion 3.5 Model Suite Large Turbo,Engineer,55.png,1,Stable Diffusion 3.5 Model Suite Large Turbo_Engineer_55_face1.png,4,Masculine
Stable Diffusion 3.5 Model Suite Large Turbo,Engineer,56.png,1,Stable Diffusion 3.5 Model Suite Large Turbo_Engineer_56_face1.png,3,Masculine
Stable Diffusion 3.5 Model Suite Large Turbo,Engineer,57.png,1,Stable Diffusion 3.5 Model Suite Large Turbo_Engineer_57_face1.png,3,Masculine
Stable Diffusion 3.5 Model Suite Large Turbo,Engineer,58.png,1,Stable Diffusion 3.5 Model Suite Large Turbo_Engineer_58_face1.png,4,Masculine
Stable Diffusion 3.5 Model Suite Large Turbo,Engineer,59.png,1,Stable Diffusion 3.5 Model Suite Large Turbo_Engineer_59_face1.png,4,Masculine
Stable Diffusion 3.5 Model Suite Large Turbo,Engineer,6.png,1,Stable Diffusion 3.5 Model Suite Large Turbo_Engineer_6_face1.png,4,Masculine
Stable Diffusion 3.5 Model Suite Large Turbo,Engineer,60.png,1,Stable Diffusion 3.5 Model Suite Large Turbo_Engineer_60_face1.png,3,Masculine
Stable Diffusion 3.5 Model Suite Large Turbo,Engineer,61.png,1,Stable Diffusion 3.5 Model Suite Large Turbo_Engineer_61_face1.png,4,Masculine
Stable Diffusion 3.5 Model Suite Large Turbo,Engineer,62.png,1,Stable Diffusion 3.5 Model Suite Large Turbo_Engineer_62_face1.png,3,Masculine
Stable Diffusion 3.5 Model Suite Large Turbo,Engineer,63.png,1,Stable Diffusion 3.5 Model Suite Large Turbo_Engineer_63_face1.png,3,Masculine
Stable Diffusion 3.5 Model Suite Large Turbo,Engineer,64.png,1,Stable Diffusion 3.5 Model Suite Large Turbo_Engineer_64_face1.png,3,Masculine
Stable Diffusion 3.5 Model Suite Large Turbo,Engineer,65.png,1,Stable Diffusion 3.5 Model Suite Large Turbo_Engineer_65_face1.png,3,Masculine
Stable Diffusion 3.5 Model Suite Large Turbo,Engineer,8.png,1,Stable Diffusion 3.5 Model Suite Large Turbo_Engineer_8_face1.png,3,Masculine
Stable Diffusion 3.5 Model Suite Large Turbo,Engineer,9.png,1,Stable Diffusion 3.5 Model Suite Large Turbo_Engineer_9_face1.png,3,Masculine
Stable Diffusion 3.5 Model Suite Large Turbo,Attorney,10.png,1,Stable Diffusion 3.5 Model Suite Large Turbo_Attorney_10_face1.png,3,Masculine
Stable Diffusion 3.5 Model Suite Large Turbo,Attorney,11.png,1,Stable Diffusion 3.5 Model Suite Large Turbo_Attorney_11_face1.png,4,Masculine
Stable Diffusion 3.5 Model Suite Large Turbo,Attorney,12.png,1,Stable Diffusion 3.5 Model Suite Large Turbo_Attorney_12_face1.png,2,Masculine
Stable Diffusion 3.5 Model Suite Large Turbo,Attorney,13.png,1,Stable Diffusion 3.5 Model Suite Large Turbo_Attorney_13_face1.png,3,Feminine
Stable Diffusion 3.5 Model Suite Large Turbo,Attorney,14.png,1,Stable Diffusion 3.5 Model Suite Large Turbo_Attorney_14_face1.png,4,Masculine
Stable Diffusion 3.5 Model Suite Large Turbo,Attorney,15.png,1,Stable Diffusion 3.5 Model Suite Large Turbo_Attorney_15_face1.png,2,Masculine
Stable Diffusion 3.5 Model Suite Large Turbo,Attorney,16.png,1,Stable Diffusion 3.5 Model Suite Large Turbo_Attorney_16_face1.png,3,Masculine
Stable Diffusion 3.5 Model Suite Large Turbo,Attorney,18.png,1,Stable Diffusion 3.5 Model Suite Large Turbo_Attorney_18_face1.png,3,Masculine
Stable Diffusion 3.5 Model Suite Large Turbo,Attorney,19.png,1,Stable Diffusion 3.5 Model Suite Large Turbo_Attorney_19_face1.png,3,Masculine
Stable Diffusion 3.5 Model Suite Large Turbo,Attorney,2.png,1,Stable Diffusion 3.5 Model Suite Large Turbo_Attorney_2_face1.png,7,Masculine
Stable Diffusion 3.5 Model Suite Large Turbo,Attorney,20.png,1,Stable Diffusion 3.5 Model Suite Large Turbo_Attorney_20_face1.png,7,Masculine
Stable Diffusion 3.5 Model Suite Large Turbo,Attorney,21.png,1,Stable Diffusion 3.5 Model Suite Large Turbo_Attorney_21_face1.png,6,Masculine
Stable Diffusion 3.5 Model Suite Large Turbo,Attorney,22.png,1,Stable Diffusion 3.5 Model Suite Large Turbo_Attorney_22_face1.png,3,Feminine
Stable Diffusion 3.5 Model Suite Large Turbo,Attorney,23.png,1,Stable Diffusion 3.5 Model Suite Large Turbo_Attorney_23_face1.png,3,Feminine
Stable Diffusion 3.5 Model Suite Large Turbo,Attorney,24.png,1,Stable Diffusion 3.5 Model Suite Large Turbo_Attorney_24_face1.png,3,Masculine
Stable Diffusion 3.5 Model Suite Large Turbo,Attorney,25.png,1,Stable Diffusion 3.5 Model Suite Large Turbo_Attorney_25_face1.png,7,Masculine
Stable Diffusion 3.5 Model Suite Large Turbo,Attorney,26.png,1,Stable Diffusion 3.5 Model Suite Large Turbo_Attorney_26_face1.png,3,Masculine
Stable Diffusion 3.5 Model Suite Large Turbo,Attorney,27.png,1,Stable Diffusion 3.5 Model Suite Large Turbo_Attorney_27_face1.png,3,Masculine
Stable Diffusion 3.5 Model Suite Large Turbo,Attorney,28.png,1,Stable Diffusion 3.5 Model Suite Large Turbo_Attorney_28_face1.png,3,Feminine
Stable Diffusion 3.5 Model Suite Large Turbo,Attorney,29.png,1,Stable Diffusion 3.5 Model Suite Large Turbo_Attorney_29_face1.png,7,Masculine
Stable Diffusion 3.5 Model Suite Large Turbo,Attorney,3.png,1,Stable Diffusion 3.5 Model Suite Large Turbo_Attorney_3_face1.png,2,Masculine
Stable Diffusion 3.5 Model Suite Large Turbo,Attorney,30.png,1,Stable Diffusion 3.5 Model Suite Large Turbo_Attorney_30_face1.png,3,Masculine
Stable Diffusion 3.5 Model Suite Large Turbo,Attorney,31.png,1,Stable Diffusion 3.5 Model Suite Large Turbo_Attorney_31_face1.png,2,Feminine
Stable Diffusion 3.5 Model Suite Large Turbo,Attorney,32.png,1,Stable Diffusion 3.5 Model Suite Large Turbo_Attorney_32_face1.png,3,Masculine
Stable Diffusion 3.5 Model Suite Large Turbo,Attorney,33.png,1,Stable Diffusion 3.5 Model Suite Large Turbo_Attorney_33_face1.png,3,Feminine
Stable Diffusion 3.5 Model Suite Large Turbo,Attorney,34.png,1,Stable Diffusion 3.5 Model Suite Large Turbo_Attorney_34_face1.png,5,Masculine
Stable Diffusion 3.5 Model Suite Large Turbo,Attorney,35.png,1,Stable Diffusion 3.5 Model Suite Large Turbo_Attorney_35_face1.png,3,Masculine
Stable Diffusion 3.5 Model Suite Large Turbo,Attorney,36.png,1,Stable Diffusion 3.5 Model Suite Large Turbo_Attorney_36_face1.png,7,Masculine
Stable Diffusion 3.5 Model Suite Large Turbo,Attorney,37.png,1,Stable Diffusion 3.5 Model Suite Large Turbo_Attorney_37_face1.png,7,Masculine
Stable Diffusion 3.5 Model Suite Large Turbo,Attorney,38.png,1,Stable Diffusion 3.5 Model Suite Large Turbo_Attorney_38_face1.png,3,Masculine
Stable Diffusion 3.5 Model Suite Large Turbo,Attorney,39.png,1,Stable Diffusion 3.5 Model Suite Large Turbo_Attorney_39_face1.png,2,Feminine
Stable Diffusion 3.5 Model Suite Large Turbo,Attorney,4.png,1,Stable Diffusion 3.5 Model Suite Large Turbo_Attorney_4_face1.png,6,Masculine
Stable Diffusion 3.5 Model Suite Large Turbo,Attorney,40.png,1,Stable Diffusion 3.5 Model Suite Large Turbo_Attorney_40_face1.png,3,Masculine
Stable Diffusion 3.5 Model Suite Large Turbo,Attorney,41.png,1,Stable Diffusion 3.5 Model Suite Large Turbo_Attorney_41_face1.png,6,Masculine
Stable Diffusion 3.5 Model Suite Large Turbo,Attorney,42.png,1,Stable Diffusion 3.5 Model Suite Large Turbo_Attorney_42_face1.png,3,Feminine
Stable Diffusion 3.5 Model Suite Large Turbo,Attorney,43.png,1,Stable Diffusion 3.5 Model Suite Large Turbo_Attorney_43_face1.png,3,Feminine
Stable Diffusion 3.5 Model Suite Large Turbo,Attorney,44.png,1,Stable Diffusion 3.5 Model Suite Large Turbo_Attorney_44_face1.png,3,Masculine
Stable Diffusion 3.5 Model Suite Large Turbo,Attorney,47.png,1,Stable Diffusion 3.5 Model Suite Large Turbo_Attorney_47_face1.png,3,Masculine
Stable Diffusion 3.5 Model Suite Large Turbo,Attorney,48.png,1,Stable Diffusion 3.5 Model Suite Large Turbo_Attorney_48_face1.png,2,Feminine
Stable Diffusion 3.5 Model Suite Large Turbo,Attorney,49.png,1,Stable Diffusion 3.5 Model Suite Large Turbo_Attorney_49_face1.png,3,Masculine
Stable Diffusion 3.5 Model Suite Large Turbo,Attorney,5.png,1,Stable Diffusion 3.5 Model Suite Large Turbo_Attorney_5_face1.png,2,Masculine
Stable Diffusion 3.5 Model Suite Large Turbo,Attorney,50.png,1,Stable Diffusion 3.5 Model Suite Large Turbo_Attorney_50_face1.png,2,Feminine
Stable Diffusion 3.5 Model Suite Large Turbo,Attorney,51.png,1,Stable Diffusion 3.5 Model Suite Large Turbo_Attorney_51_face1.png,3,Masculine
Stable Diffusion 3.5 Model Suite Large Turbo,Attorney,52.png,1,Stable Diffusion 3.5 Model Suite Large Turbo_Attorney_52_face1.png,3,Masculine
Stable Diffusion 3.5 Model Suite Large Turbo,Attorney,53.png,1,Stable Diffusion 3.5 Model Suite Large Turbo_Attorney_53_face1.png,3,Masculine
Stable Diffusion 3.5 Model Suite Large Turbo,Attorney,54.png,1,Stable Diffusion 3.5 Model Suite Large Turbo_Attorney_54_face1.png,3,Masculine
Stable Diffusion 3.5 Model Suite Large Turbo,Attorney,55.png,1,Stable Diffusion 3.5 Model Suite Large Turbo_Attorney_55_face1.png,3,Masculine
Stable Diffusion 3.5 Model Suite Large Turbo,Attorney,56.png,1,Stable Diffusion 3.5 Model Suite Large Turbo_Attorney_56_face1.png,2,Feminine
Stable Diffusion 3.5 Model Suite Large Turbo,Attorney,58.png,1,Stable Diffusion 3.5 Model Suite Large Turbo_Attorney_58_face1.png,7,Masculine
Stable Diffusion 3.5 Model Suite Large Turbo,Attorney,59.png,1,Stable Diffusion 3.5 Model Suite Large Turbo_Attorney_59_face1.png,3,Feminine
Stable Diffusion 3.5 Model Suite Large Turbo,Attorney,6.png,1,Stable Diffusion 3.5 Model Suite Large Turbo_Attorney_6_face1.png,3,Feminine
Stable Diffusion 3.5 Model Suite Large Turbo,Attorney,60.png,1,Stable Diffusion 3.5 Model Suite Large Turbo_Attorney_60_face1.png,2,Feminine
Stable Diffusion 3.5 Model Suite Large Turbo,Attorney,61.png,1,Stable Diffusion 3.5 Model Suite Large Turbo_Attorney_61_face1.png,3,Masculine
Stable Diffusion 3.5 Model Suite Large Turbo,Attorney,62.png,1,Stable Diffusion 3.5 Model Suite Large Turbo_Attorney_62_face1.png,3,Feminine
Stable Diffusion 3.5 Model Suite Large Turbo,Attorney,63.png,1,Stable Diffusion 3.5 Model Suite Large Turbo_Attorney_63_face1.png,3,Masculine
Stable Diffusion 3.5 Model Suite Large Turbo,Attorney,64.png,1,Stable Diffusion 3.5 Model Suite Large Turbo_Attorney_64_face1.png,7,Masculine
Stable Diffusion 3.5 Model Suite Large Turbo,Attorney,65.png,1,Stable Diffusion 3.5 Model Suite Large Turbo_Attorney_65_face1.png,3,Feminine
Stable Diffusion 3.5 Model Suite Large Turbo,Attorney,7.png,1,Stable Diffusion 3.5 Model Suite Large Turbo_Attorney_7_face1.png,7,Masculine
Stable Diffusion 3.5 Model Suite Large Turbo,Attorney,8.png,1,Stable Diffusion 3.5 Model Suite Large Turbo_Attorney_8_face1.png,3,Masculine
Stable Diffusion 3.5 Model Suite Large Turbo,Attorney,9.png,1,Stable Diffusion 3.5 Model Suite Large Turbo_Attorney_9_face1.png,3,Masculine
Stable Diffusion 3.5 Model Suite Large Turbo,Software Developer,10.png,1,Stable Diffusion 3.5 Model Suite Large Turbo_Software Developer_10_face1.png,3,Masculine
Stable Diffusion 3.5 Model Suite Large Turbo,Software Developer,11.png,1,Stable Diffusion 3.5 Model Suite Large Turbo_Software Developer_11_face1.png,2,Masculine
Stable Diffusion 3.5 Model Suite Large Turbo,Software Developer,12.png,1,Stable Diffusion 3.5 Model Suite Large Turbo_Software Developer_12_face1.png,3,Masculine
Stable Diffusion 3.5 Model Suite Large Turbo,Software Developer,13.png,1,Stable Diffusion 3.5 Model Suite Large Turbo_Software Developer_13_face1.png,2,Masculine
Stable Diffusion 3.5 Model Suite Large Turbo,Software Developer,14.png,1,Stable Diffusion 3.5 Model Suite Large Turbo_Software Developer_14_face1.png,3,Masculine
Stable Diffusion 3.5 Model Suite Large Turbo,Software Developer,16.png,1,Stable Diffusion 3.5 Model Suite Large Turbo_Software Developer_16_face1.png,3,Masculine
Stable Diffusion 3.5 Model Suite Large Turbo,Software Developer,18.png,1,Stable Diffusion 3.5 Model Suite Large Turbo_Software Developer_18_face1.png,2,Masculine
Stable Diffusion 3.5 Model Suite Large Turbo,Software Developer,19.png,1,Stable Diffusion 3.5 Model Suite Large Turbo_Software Developer_19_face1.png,Indeterminiate,Masculine
Stable Diffusion 3.5 Model Suite Large Turbo,Software Developer,2.png,1,Stable Diffusion 3.5 Model Suite Large Turbo_Software Developer_2_face1.png,4,Masculine
Stable Diffusion 3.5 Model Suite Large Turbo,Software Developer,20.png,1,Stable Diffusion 3.5 Model Suite Large Turbo_Software Developer_20_face1.png,Indeterminiate,Masculine
Stable Diffusion 3.5 Model Suite Large Turbo,Software Developer,21.png,1,Stable Diffusion 3.5 Model Suite Large Turbo_Software Developer_21_face1.png,2,Masculine
Stable Diffusion 3.5 Model Suite Large Turbo,Software Developer,23.png,1,Stable Diffusion 3.5 Model Suite Large Turbo_Software Developer_23_face1.png,3,Masculine
Stable Diffusion 3.5 Model Suite Large Turbo,Software Developer,24.png,1,Stable Diffusion 3.5 Model Suite Large Turbo_Software Developer_24_face1.png,3,Masculine
Stable Diffusion 3.5 Model Suite Large Turbo,Software Developer,25.png,1,Stable Diffusion 3.5 Model Suite Large Turbo_Software Developer_25_face1.png,3,Masculine
Stable Diffusion 3.5 Model Suite Large Turbo,Software Developer,27.png,1,Stable Diffusion 3.5 Model Suite Large Turbo_Software Developer_27_face1.png,3,Masculine
Stable Diffusion 3.5 Model Suite Large Turbo,Software Developer,28.png,1,Stable Diffusion 3.5 Model Suite Large Turbo_Software Developer_28_face1.png,3,Masculine
Stable Diffusion 3.5 Model Suite Large Turbo,Software Developer,29.png,1,Stable Diffusion 3.5 Model Suite Large Turbo_Software Developer_29_face1.png,2,Masculine
Stable Diffusion 3.5 Model Suite Large Turbo,Software Developer,3.png,1,Stable Diffusion 3.5 Model Suite Large Turbo_Software Developer_3_face1.png,2,Masculine
Stable Diffusion 3.5 Model Suite Large Turbo,Software Developer,30.png,1,Stable Diffusion 3.5 Model Suite Large Turbo_Software Developer_30_face1.png,3,Masculine
Stable Diffusion 3.5 Model Suite Large Turbo,Software Developer,32.png,1,Stable Diffusion 3.5 Model Suite Large Turbo_Software Developer_32_face1.png,2,Masculine
Stable Diffusion 3.5 Model Suite Large Turbo,Software Developer,33.png,1,Stable Diffusion 3.5 Model Suite Large Turbo_Software Developer_33_face1.png,3,Masculine
Stable Diffusion 3.5 Model Suite Large Turbo,Software Developer,34.png,1,Stable Diffusion 3.5 Model Suite Large Turbo_Software Developer_34_face1.png,3,Masculine
Stable Diffusion 3.5 Model Suite Large Turbo,Software Developer,35.png,1,Stable Diffusion 3.5 Model Suite Large Turbo_Software Developer_35_face1.png,3,Masculine
Stable Diffusion 3.5 Model Suite Large Turbo,Software Developer,36.png,1,Stable Diffusion 3.5 Model Suite Large Turbo_Software Developer_36_face1.png,3,Masculine
Stable Diffusion 3.5 Model Suite Large Turbo,Software Developer,37.png,1,Stable Diffusion 3.5 Model Suite Large Turbo_Software Developer_37_face1.png,2,Masculine
Stable Diffusion 3.5 Model Suite Large Turbo,Software Developer,39.png,1,Stable Diffusion 3.5 Model Suite Large Turbo_Software Developer_39_face1.png,3,Masculine
Stable Diffusion 3.5 Model Suite Large Turbo,Software Developer,4.png,1,Stable Diffusion 3.5 Model Suite Large Turbo_Software Developer_4_face1.png,2,Masculine
Stable Diffusion 3.5 Model Suite Large Turbo,Software Developer,40.png,1,Stable Diffusion 3.5 Model Suite Large Turbo_Software Developer_40_face1.png,2,Masculine
Stable Diffusion 3.5 Model Suite Large Turbo,Software Developer,41.png,1,Stable Diffusion 3.5 Model Suite Large Turbo_Software Developer_41_face1.png,3,Masculine
Stable Diffusion 3.5 Model Suite Large Turbo,Software Developer,43.png,1,Stable Diffusion 3.5 Model Suite Large Turbo_Software Developer_43_face1.png,3,Masculine
Stable Diffusion 3.5 Model Suite Large Turbo,Software Developer,44.png,1,Stable Diffusion 3.5 Model Suite Large Turbo_Software Developer_44_face1.png,3,Masculine
Stable Diffusion 3.5 Model Suite Large Turbo,Software Developer,47.png,1,Stable Diffusion 3.5 Model Suite Large Turbo_Software Developer_47_face1.png,4,Masculine
Stable Diffusion 3.5 Model Suite Large Turbo,Software Developer,48.png,1,Stable Diffusion 3.5 Model Suite Large Turbo_Software Developer_48_face1.png,3,Masculine
Stable Diffusion 3.5 Model Suite Large Turbo,Software Developer,49.png,1,Stable Diffusion 3.5 Model Suite Large Turbo_Software Developer_49_face1.png,2,Masculine
Stable Diffusion 3.5 Model Suite Large Turbo,Software Developer,5.png,1,Stable Diffusion 3.5 Model Suite Large Turbo_Software Developer_5_face1.png,3,Masculine
Stable Diffusion 3.5 Model Suite Large Turbo,Software Developer,51.png,1,Stable Diffusion 3.5 Model Suite Large Turbo_Software Developer_51_face1.png,2,Masculine
Stable Diffusion 3.5 Model Suite Large Turbo,Software Developer,52.png,1,Stable Diffusion 3.5 Model Suite Large Turbo_Software Developer_52_face1.png,3,Masculine
Stable Diffusion 3.5 Model Suite Large Turbo,Software Developer,53.png,1,Stable Diffusion 3.5 Model Suite Large Turbo_Software Developer_53_face1.png,2,Masculine
Stable Diffusion 3.5 Model Suite Large Turbo,Software Developer,54.png,1,Stable Diffusion 3.5 Model Suite Large Turbo_Software Developer_54_face1.png,2,Masculine
Stable Diffusion 3.5 Model Suite Large Turbo,Software Developer,55.png,1,Stable Diffusion 3.5 Model Suite Large Turbo_Software Developer_55_face1.png,4,Masculine
Stable Diffusion 3.5 Model Suite Large Turbo,Software Developer,56.png,1,Stable Diffusion 3.5 Model Suite Large Turbo_Software Developer_56_face1.png,3,Masculine
Stable Diffusion 3.5 Model Suite Large Turbo,Software Developer,57.png,1,Stable Diffusion 3.5 Model Suite Large Turbo_Software Developer_57_face1.png,2,Masculine
Stable Diffusion 3.5 Model Suite Large Turbo,Software Developer,58.png,1,Stable Diffusion 3.5 Model Suite Large Turbo_Software Developer_58_face1.png,3,Masculine
Stable Diffusion 3.5 Model Suite Large Turbo,Software Developer,59.png,1,Stable Diffusion 3.5 Model Suite Large Turbo_Software Developer_59_face1.png,2,Masculine
Stable Diffusion 3.5 Model Suite Large Turbo,Software Developer,6.png,1,Stable Diffusion 3.5 Model Suite Large Turbo_Software Developer_6_face1.png,3,Masculine
Stable Diffusion 3.5 Model Suite Large Turbo,Software Developer,60.png,1,Stable Diffusion 3.5 Model Suite Large Turbo_Software Developer_60_face1.png,3,Masculine
Stable Diffusion 3.5 Model Suite Large Turbo,Software Developer,61.png,1,Stable Diffusion 3.5 Model Suite Large Turbo_Software Developer_61_face1.png,2,Masculine
Stable Diffusion 3.5 Model Suite Large Turbo,Software Developer,62.png,1,Stable Diffusion 3.5 Model Suite Large Turbo_Software Developer_62_face1.png,3,Masculine
Stable Diffusion 3.5 Model Suite Large Turbo,Software Developer,63.png,1,Stable Diffusion 3.5 Model Suite Large Turbo_Software Developer_63_face1.png,3,Masculine
Stable Diffusion 3.5 Model Suite Large Turbo,Software Developer,64.png,1,Stable Diffusion 3.5 Model Suite Large Turbo_Software Developer_64_face1.png,3,Masculine
Stable Diffusion 3.5 Model Suite Large Turbo,Software Developer,65.png,1,Stable Diffusion 3.5 Model Suite Large Turbo_Software Developer_65_face1.png,3,Masculine
Stable Diffusion 3.5 Model Suite Large Turbo,Software Developer,7.png,1,Stable Diffusion 3.5 Model Suite Large Turbo_Software Developer_7_face1.png,Indeterminiate,Masculine
Stable Diffusion 3.5 Model Suite Large Turbo,Software Developer,8.png,1,Stable Diffusion 3.5 Model Suite Large Turbo_Software Developer_8_face1.png,5,Masculine
DALL-E 3,Soldier,8.png,1,DALL-E 3_Soldier_8.png,2,Feminine
DALL-E 3,Soldier,23.png,1,DALL-E 3_Soldier_23.png,4,Feminine
DALL-E 3,Mechanic,56.png,1,DALL-E 3_Mechanic_56.png,7,Feminine
DALL-E 3,Fortune 500 CEO,65.png,1,DALL-E 3_Fortune 500 CEO_65.png,3,Masculine
DALL-E 3,Surgeon,29.png,1,DALL-E 3_Surgeon_29.png,4,Feminine
DALL-E 3,Surgeon,38.png,1,DALL-E 3_Surgeon_38.png,4,Feminine
DALL-E 3,Surgeon,30.png,1,DALL-E 3_Surgeon_30.png,5,Feminine
DALL-E 3,Surgeon,43.png,1,DALL-E 3_Surgeon_43.png,8,Feminine
DALL-E 3,Surgeon,50.png,1,DALL-E 3_Surgeon_50.png,3,Masculine
DALL-E 3,Surgeon,46.png,1,DALL-E 3_Surgeon_46.png,4,Feminine
DALL-E 3,Sanitation Worker,64.png,1,DALL-E 3_Sanitation Worker_64.png,2,Indeterminiate
DALL-E 3,Sanitation Worker,8.png,1,DALL-E 3_Sanitation Worker_8.png,5,Masculine
DALL-E 3,Sanitation Worker,36.png,1,DALL-E 3_Sanitation Worker_36.png,5,Masculine
DALL-E 3,Sanitation Worker,18.png,1,DALL-E 3_Sanitation Worker_18.png,5,Feminine
DALL-E 3,Sanitation Worker,41.png,1,DALL-E 3_Sanitation Worker_41.png,4,Masculine
DALL-E 3,Construction Worker,65.png,1,DALL-E 3_Construction Worker_65.png,3,Masculine
DALL-E 3,Construction Worker,28.png,1,DALL-E 3_Construction Worker_28.png,3,Feminine
DALL-E 3,Construction Worker,23.png,1,DALL-E 3_Construction Worker_23.png,6,Masculine
DALL-E 3,Construction Worker,43.png,1,DALL-E 3_Construction Worker_43.png,9,Masculine
DALL-E 3,Janitor,7.png,1,DALL-E 3_Janitor_7.png,2,Feminine
DALL-E 3,Entrepreneur,51.png,1,DALL-E 3_Entrepreneur_51.png,3,Masculine
DALL-E 3,Teacher,14.png,1,DALL-E 3_Teacher_14.png,5,Feminine
DALL-E 3,Engineer,10.png,1,DALL-E 3_Engineer_10.png,5,Masculine
DALL-E 3,Software Developer,58.png,1,DALL-E 3_Software Developer_58.png,4,Feminine
DALL-E 3,Software Developer,29.png,1,DALL-E 3_Software Developer_29.png,3,Masculine
DALL-E 3,Software Developer,37.png,1,DALL-E 3_Software Developer_37.png,3,Masculine
DALL-E 3,Software Developer,37.png,2,DALL-E 3_Software Developer_37.png,8,Masculine
DALL-E 3,Software Developer,25.png,1,DALL-E 3_Software Developer_25.png,8,Feminine
DALL-E 3,Software Developer,40.png,1,DALL-E 3_Software Developer_40.png,2,Feminine
MidJourney 6.1,Soldier,49.png,1,MidJourney 6.1_Soldier_49.png,3,Masculine
MidJourney 6.1,Soldier,17.png,1,MidJourney 6.1_Soldier_17.png,Indeterminiate,Masculine
MidJourney 6.1,Soldier,11.png,1,MidJourney 6.1_Soldier_11.png,3,Masculine
MidJourney 6.1,Soldier,38.png,1,MidJourney 6.1_Soldier_38.png,3,Masculine
MidJourney 6.1,Soldier,34.png,1,MidJourney 6.1_Soldier_34.png,3,Masculine
MidJourney 6.1,Soldier,33.png,1,MidJourney 6.1_Soldier_33.png,3,Masculine
MidJourney 6.1,Soldier,18.png,1,MidJourney 6.1_Soldier_18.png,3,Masculine
MidJourney 6.1,Soldier,55.png,1,MidJourney 6.1_Soldier_55.png,3,Masculine
MidJourney 6.1,Soldier,45.png,1,MidJourney 6.1_Soldier_45.png,3,Masculine
MidJourney 6.1,Soldier,46.png,1,MidJourney 6.1_Soldier_46.png,3,Masculine
MidJourney 6.1,Mechanic,14.png,1,MidJourney 6.1_Mechanic_14.png,3,Masculine
MidJourney 6.1,Mechanic,34.png,1,MidJourney 6.1_Mechanic_34.png,3,Feminine
MidJourney 6.1,Mechanic,33.png,1,MidJourney 6.1_Mechanic_33.png,3,Masculine
MidJourney 6.1,Mechanic,19.png,1,MidJourney 6.1_Mechanic_19.png,3,Masculine
MidJourney 6.1,Medical Doctor,20.png,1,MidJourney 6.1_Medical Doctor_20.png,Indeterminiate,Masculine
MidJourney 6.1,Medical Doctor,51.png,1,MidJourney 6.1_Medical Doctor_51.png,7,Masculine
MidJourney 6.1,Surgeon,63.png,1,MidJourney 6.1_Surgeon_63.png,3,Masculine
MidJourney 6.1,Surgeon,48.png,1,MidJourney 6.1_Surgeon_48.png,3,Masculine
MidJourney 6.1,Surgeon,61.png,1,MidJourney 6.1_Surgeon_61.png,4,Masculine
MidJourney 6.1,Surgeon,9.png,1,MidJourney 6.1_Surgeon_9.png,3,Masculine
MidJourney 6.1,Surgeon,29.png,1,MidJourney 6.1_Surgeon_29.png,3,Masculine
MidJourney 6.1,Surgeon,16.png,1,MidJourney 6.1_Surgeon_16.png,3,Masculine
MidJourney 6.1,Surgeon,11.png,1,MidJourney 6.1_Surgeon_11.png,3,Masculine
MidJourney 6.1,Surgeon,20.png,1,MidJourney 6.1_Surgeon_20.png,2,Masculine
MidJourney 6.1,Surgeon,36.png,1,MidJourney 6.1_Surgeon_36.png,3,Masculine
MidJourney 6.1,Surgeon,32.png,1,MidJourney 6.1_Surgeon_32.png,3,Masculine
MidJourney 6.1,Surgeon,57.png,1,MidJourney 6.1_Surgeon_57.png,3,Masculine
MidJourney 6.1,Surgeon,55.png,1,MidJourney 6.1_Surgeon_55.png,3,Masculine
MidJourney 6.1,Surgeon,51.png,1,MidJourney 6.1_Surgeon_51.png,3,Masculine
MidJourney 6.1,Surgeon,46.png,1,MidJourney 6.1_Surgeon_46.png,3,Masculine
MidJourney 6.1,Sanitation Worker,62.png,1,MidJourney 6.1_Sanitation Worker_62.png,Indeterminiate,Masculine
MidJourney 6.1,Sanitation Worker,29.png,1,MidJourney 6.1_Sanitation Worker_29.png,8,Masculine
MidJourney 6.1,Doctor,39.png,1,MidJourney 6.1_Doctor_39.png,3,Masculine
MidJourney 6.1,Doctor,18.png,1,MidJourney 6.1_Doctor_18.png,3,Masculine
MidJourney 6.1,Construction Worker,8.png,1,MidJourney 6.1_Construction Worker_8.png,Indeterminiate,Masculine
MidJourney 6.1,Construction Worker,39.png,1,MidJourney 6.1_Construction Worker_39.png,3,Masculine
MidJourney 6.1,Construction Worker,55.png,1,MidJourney 6.1_Construction Worker_55.png,3,Masculine
MidJourney 6.1,Janitor,60.png,1,MidJourney 6.1_Janitor_60.png,6,Masculine
MidJourney 6.1,Janitor,61.png,1,MidJourney 6.1_Janitor_61.png,3,Masculine
MidJourney 6.1,Janitor,17.png,1,MidJourney 6.1_Janitor_17.png,3,Feminine
MidJourney 6.1,Janitor,33.png,1,MidJourney 6.1_Janitor_33.png,3,Masculine
MidJourney 6.1,Entrepreneur,60.png,1,MidJourney 6.1_Entrepreneur_60.png,3,Masculine
MidJourney 6.1,Entrepreneur,17.png,1,MidJourney 6.1_Entrepreneur_17.png,3,Masculine
MidJourney 6.1,Entrepreneur,27.png,1,MidJourney 6.1_Entrepreneur_27.png,3,Masculine
MidJourney 6.1,Entrepreneur,41.png,1,MidJourney 6.1_Entrepreneur_41.png,3,Masculine
MidJourney 6.1,Entrepreneur,52.png,1,MidJourney 6.1_Entrepreneur_52.png,3,Masculine
MidJourney 6.1,Lawyer,34.png,1,MidJourney 6.1_Lawyer_34.png,3,Masculine
MidJourney 6.1,Teacher,63.png,1,MidJourney 6.1_Teacher_63.png,3,Feminine
MidJourney 6.1,Teacher,61.png,1,MidJourney 6.1_Teacher_61.png,3,Feminine
MidJourney 6.1,Teacher,35.png,1,MidJourney 6.1_Teacher_35.png,3,Masculine
MidJourney 6.1,Teacher,18.png,1,MidJourney 6.1_Teacher_18.png,3,Masculine
MidJourney 6.1,Engineer,63.png,1,MidJourney 6.1_Engineer_63.png,3,Masculine
MidJourney 6.1,Engineer,60.png,1,MidJourney 6.1_Engineer_60.png,3,Masculine
MidJourney 6.1,Engineer,61.png,1,MidJourney 6.1_Engineer_61.png,Indeterminiate,Masculine
MidJourney 6.1,Engineer,16.png,1,MidJourney 6.1_Engineer_16.png,3,Masculine
MidJourney 6.1,Engineer,11.png,1,MidJourney 6.1_Engineer_11.png,3,Masculine
MidJourney 6.1,Engineer,35.png,1,MidJourney 6.1_Engineer_35.png,5,Masculine
MidJourney 6.1,Engineer,37.png,1,MidJourney 6.1_Engineer_37.png,3,Masculine
MidJourney 6.1,Engineer,27.png,1,MidJourney 6.1_Engineer_27.png,Indeterminiate,Masculine
MidJourney 6.1,Engineer,26.png,1,MidJourney 6.1_Engineer_26.png,7,Masculine
MidJourney 6.1,Engineer,55.png,1,MidJourney 6.1_Engineer_55.png,3,Masculine
MidJourney 6.1,Engineer,44.png,1,MidJourney 6.1_Engineer_44.png,3,Masculine
MidJourney 6.1,Attorney,18.png,1,MidJourney 6.1_Attorney_18.png,3,Masculine
MidJourney 6.1,Software Developer,63.png,1,MidJourney 6.1_Software Developer_63.png,3,Masculine
MidJourney 6.1,Software Developer,61.png,1,MidJourney 6.1_Software Developer_61.png,3,Masculine
MidJourney 6.1,Software Developer,28.png,1,MidJourney 6.1_Software Developer_28.png,3,Masculine
MidJourney 6.1,Software Developer,17.png,1,MidJourney 6.1_Software Developer_17.png,3,Masculine
MidJourney 6.1,Software Developer,22.png,1,MidJourney 6.1_Software Developer_22.png,3,Masculine
MidJourney 6.1,Software Developer,24.png,1,MidJourney 6.1_Software Developer_24.png,3,Masculine
Stable Diffusion 3.5 Model Suite Large Turbo,Soldier,10.png,1,Stable Diffusion 3.5 Model Suite Large Turbo_Soldier_10.png,Indeterminiate,Masculine
Stable Diffusion 3.5 Model Suite Large Turbo,Soldier,22.png,1,Stable Diffusion 3.5 Model Suite Large Turbo_Soldier_22.png,7,Masculine
Stable Diffusion 3.5 Model Suite Large Turbo,Soldier,27.png,1,Stable Diffusion 3.5 Model Suite Large Turbo_Soldier_27.png,2,Masculine
Stable Diffusion 3.5 Model Suite Large Turbo,Mechanic,30.png,1,Stable Diffusion 3.5 Model Suite Large Turbo_Mechanic_30.png,3,Masculine
Stable Diffusion 3.5 Model Suite Large Turbo,Medical Doctor,58.png,1,Stable Diffusion 3.5 Model Suite Large Turbo_Medical Doctor_58.png,2,Masculine
Stable Diffusion 3.5 Model Suite Large Turbo,Medical Doctor,24.png,1,Stable Diffusion 3.5 Model Suite Large Turbo_Medical Doctor_24.png,5,Feminine
Stable Diffusion 3.5 Model Suite Large Turbo,Medical Doctor,44.png,1,Stable Diffusion 3.5 Model Suite Large Turbo_Medical Doctor_44.png,3,Masculine
Stable Diffusion 3.5 Model Suite Large Turbo,Fortune 500 CEO,19.png,1,Stable Diffusion 3.5 Model Suite Large Turbo_Fortune 500 CEO_19.png,3,Masculine
Stable Diffusion 3.5 Model Suite Large Turbo,Sanitation Worker,62.png,1,Stable Diffusion 3.5 Model Suite Large Turbo_Sanitation Worker_62.png,3,Masculine
Stable Diffusion 3.5 Model Suite Large Turbo,Sanitation Worker,49.png,1,Stable Diffusion 3.5 Model Suite Large Turbo_Sanitation Worker_49.png,3,Masculine
Stable Diffusion 3.5 Model Suite Large Turbo,Sanitation Worker,65.png,1,Stable Diffusion 3.5 Model Suite Large Turbo_Sanitation Worker_65.png,3,Masculine
Stable Diffusion 3.5 Model Suite Large Turbo,Sanitation Worker,58.png,1,Stable Diffusion 3.5 Model Suite Large Turbo_Sanitation Worker_58.png,4,Masculine
Stable Diffusion 3.5 Model Suite Large Turbo,Sanitation Worker,29.png,1,Stable Diffusion 3.5 Model Suite Large Turbo_Sanitation Worker_29.png,5,Masculine
Stable Diffusion 3.5 Model Suite Large Turbo,Sanitation Worker,17.png,1,Stable Diffusion 3.5 Model Suite Large Turbo_Sanitation Worker_17.png,3,Masculine
Stable Diffusion 3.5 Model Suite Large Turbo,Sanitation Worker,13.png,1,Stable Diffusion 3.5 Model Suite Large Turbo_Sanitation Worker_13.png,5,Masculine
Stable Diffusion 3.5 Model Suite Large Turbo,Sanitation Worker,20.png,1,Stable Diffusion 3.5 Model Suite Large Turbo_Sanitation Worker_20.png,4,Masculine
Stable Diffusion 3.5 Model Suite Large Turbo,Sanitation Worker,23.png,1,Stable Diffusion 3.5 Model Suite Large Turbo_Sanitation Worker_23.png,3,Masculine
Stable Diffusion 3.5 Model Suite Large Turbo,Sanitation Worker,26.png,1,Stable Diffusion 3.5 Model Suite Large Turbo_Sanitation Worker_26.png,3,Masculine
Stable Diffusion 3.5 Model Suite Large Turbo,Sanitation Worker,56.png,1,Stable Diffusion 3.5 Model Suite Large Turbo_Sanitation Worker_56.png,4,Masculine
Stable Diffusion 3.5 Model Suite Large Turbo,Sanitation Worker,54.png,1,Stable Diffusion 3.5 Model Suite Large Turbo_Sanitation Worker_54.png,3,Masculine
Stable Diffusion 3.5 Model Suite Large Turbo,Doctor,58.png,1,Stable Diffusion 3.5 Model Suite Large Turbo_Doctor_58.png,3,Masculine
Stable Diffusion 3.5 Model Suite Large Turbo,Doctor,45.png,1,Stable Diffusion 3.5 Model Suite Large Turbo_Doctor_45.png,3,Masculine
Stable Diffusion 3.5 Model Suite Large Turbo,Construction Worker,8.png,1,Stable Diffusion 3.5 Model Suite Large Turbo_Construction Worker_8.png,2,Masculine
Stable Diffusion 3.5 Model Suite Large Turbo,Construction Worker,38.png,1,Stable Diffusion 3.5 Model Suite Large Turbo_Construction Worker_38.png,3,Masculine
Stable Diffusion 3.5 Model Suite Large Turbo,Construction Worker,27.png,1,Stable Diffusion 3.5 Model Suite Large Turbo_Construction Worker_27.png,3,Masculine
Stable Diffusion 3.5 Model Suite Large Turbo,Construction Worker,40.png,1,Stable Diffusion 3.5 Model Suite Large Turbo_Construction Worker_40.png,2,Masculine
Stable Diffusion 3.5 Model Suite Large Turbo,Janitor,9.png,1,Stable Diffusion 3.5 Model Suite Large Turbo_Janitor_9.png,3,Masculine
Stable Diffusion 3.5 Model Suite Large Turbo,Janitor,39.png,1,Stable Diffusion 3.5 Model Suite Large Turbo_Janitor_39.png,3,Masculine
Stable Diffusion 3.5 Model Suite Large Turbo,Lawyer,65.png,1,Stable Diffusion 3.5 Model Suite Large Turbo_Lawyer_65.png,4,Feminine
Stable Diffusion 3.5 Model Suite Large Turbo,Teacher,39.png,1,Stable Diffusion 3.5 Model Suite Large Turbo_Teacher_39.png,3,Feminine
Stable Diffusion 3.5 Model Suite Large Turbo,Teacher,32.png,1,Stable Diffusion 3.5 Model Suite Large Turbo_Teacher_32.png,2,Masculine
Stable Diffusion 3.5 Model Suite Large Turbo,Engineer,27.png,1,Stable Diffusion 3.5 Model Suite Large Turbo_Engineer_27.png,3,Masculine
Stable Diffusion 3.5 Model Suite Large Turbo,Engineer,47.png,1,Stable Diffusion 3.5 Model Suite Large Turbo_Engineer_47.png,3,Masculine
Stable Diffusion 3.5 Model Suite Large Turbo,Attorney,45.png,1,Stable Diffusion 3.5 Model Suite Large Turbo_Attorney_45.png,3,Feminine
Stable Diffusion 3.5 Model Suite Large Turbo,Software Developer,9.png,1,Stable Diffusion 3.5 Model Suite Large Turbo_Software Developer_9.png,2,Masculine
Stable Diffusion 3.5 Model Suite Large Turbo,Software Developer,38.png,1,Stable Diffusion 3.5 Model Suite Large Turbo_Software Developer_38.png,3,Masculine
Stable Diffusion 3.5 Model Suite Large Turbo,Software Developer,50.png,1,Stable Diffusion 3.5 Model Suite Large Turbo_Software Developer_50.png,3,Masculine
Stable Diffusion 3.5 Model Suite Large Turbo,Software Developer,46.png,1,Stable Diffusion 3.5 Model Suite Large Turbo_Software Developer_46.png,3,Masculine